/*
Navicat MySQL Data Transfer

Source Server         : 虚拟机
Source Server Version : 50636
Source Host           : 192.168.1.44:3306
Source Database       : xkkb

Target Server Type    : MYSQL
Target Server Version : 50636
File Encoding         : 65001

Date: 2017-07-25 18:26:37
*/

SET FOREIGN_KEY_CHECKS=0;

-- ----------------------------
-- Table structure for `admin`
-- ----------------------------
DROP TABLE IF EXISTS `admin`;
CREATE TABLE `admin` (
  `id` int(11) unsigned NOT NULL AUTO_INCREMENT,
  `username` varchar(255) NOT NULL COMMENT '用户名',
  `auth_key` varchar(32) NOT NULL,
  `password_hash` varchar(255) NOT NULL COMMENT '密码',
  `email` varchar(255) NOT NULL COMMENT '邮箱',
  `reg_ip` int(11) unsigned NOT NULL DEFAULT '0' COMMENT '创建或注册IP',
  `last_login_time` int(11) unsigned NOT NULL DEFAULT '0' COMMENT '最后登录时间',
  `last_login_ip` int(11) unsigned NOT NULL DEFAULT '0' COMMENT '最后登录IP',
  `status` tinyint(4) NOT NULL DEFAULT '1' COMMENT '用户状态 1正常 0禁用',
  `created_at` int(11) NOT NULL COMMENT '创建或注册时间',
  `updated_at` int(11) NOT NULL COMMENT '更新时间',
  PRIMARY KEY (`id`),
  UNIQUE KEY `username` (`username`),
  UNIQUE KEY `email` (`email`),
  KEY `status` (`status`)
) ENGINE=InnoDB AUTO_INCREMENT=2 DEFAULT CHARSET=utf8;

-- ----------------------------
-- Records of admin
-- ----------------------------
INSERT INTO `admin` VALUES ('1', 'admin', 'SbSY36BLw3V2lU-GB7ZAzCVJKDFx82IJ', '$2y$13$0UVcG.mXF6Og0rnjfwJd2.wixT2gdn.wDO9rN44jGtIGc6JvBqR7i', '422909231@qq.com', '2130706433', '1500874670', '3232235839', '1', '1482305564', '1500874670');

-- ----------------------------
-- Table structure for `auth_assignment`
-- ----------------------------
DROP TABLE IF EXISTS `auth_assignment`;
CREATE TABLE `auth_assignment` (
  `item_name` varchar(64) NOT NULL,
  `user_id` varchar(64) NOT NULL,
  `created_at` int(11) DEFAULT NULL,
  PRIMARY KEY (`item_name`,`user_id`),
  CONSTRAINT `auth_assignment_ibfk_1` FOREIGN KEY (`item_name`) REFERENCES `auth_item` (`name`) ON DELETE CASCADE ON UPDATE CASCADE
) ENGINE=InnoDB DEFAULT CHARSET=utf8;

-- ----------------------------
-- Records of auth_assignment
-- ----------------------------
INSERT INTO `auth_assignment` VALUES ('admin', '1', '1499920578');

-- ----------------------------
-- Table structure for `auth_item`
-- ----------------------------
DROP TABLE IF EXISTS `auth_item`;
CREATE TABLE `auth_item` (
  `name` varchar(64) NOT NULL,
  `type` int(11) NOT NULL,
  `description` text,
  `rule_name` varchar(64) DEFAULT NULL,
  `data` text,
  `created_at` int(11) DEFAULT NULL,
  `updated_at` int(11) DEFAULT NULL,
  PRIMARY KEY (`name`),
  KEY `rule_name` (`rule_name`),
  KEY `type` (`type`),
  CONSTRAINT `auth_item_ibfk_1` FOREIGN KEY (`rule_name`) REFERENCES `auth_rule` (`name`) ON DELETE SET NULL ON UPDATE CASCADE
) ENGINE=InnoDB DEFAULT CHARSET=utf8;

-- ----------------------------
-- Records of auth_item
-- ----------------------------
INSERT INTO `auth_item` VALUES ('admin', '1', '授权所有权限', null, null, '1484712662', '1499920559');
INSERT INTO `auth_item` VALUES ('admin/auth', '2', '', 'admin/auth', null, '1484734191', '1500007970');
INSERT INTO `auth_item` VALUES ('admin/create', '2', '', 'admin/create', null, '1484734191', '1500007970');
INSERT INTO `auth_item` VALUES ('admin/delete', '2', '', 'admin/delete', null, '1484734191', '1500007970');
INSERT INTO `auth_item` VALUES ('admin/index', '2', '', 'admin/index', null, '1484734191', '1500007970');
INSERT INTO `auth_item` VALUES ('admin/update', '2', '', 'admin/update', null, '1484734191', '1500007970');
INSERT INTO `auth_item` VALUES ('banner/index', '2', '', 'banner/index', null, '1500007970', '1500007970');
INSERT INTO `auth_item` VALUES ('config/attachment', '2', '', 'config/attachment', null, '1484734191', '1500007970');
INSERT INTO `auth_item` VALUES ('config/basic', '2', '', 'config/basic', null, '1484734191', '1500007970');
INSERT INTO `auth_item` VALUES ('config/send-mail', '2', '', 'config/send-mail', null, '1484734191', '1500007970');
INSERT INTO `auth_item` VALUES ('content/banner', '2', '', 'content/banner', null, '1499928124', '1499928668');
INSERT INTO `auth_item` VALUES ('content/index', '2', '', 'content/index', null, '1499928124', '1500007970');
INSERT INTO `auth_item` VALUES ('content/meau', '2', '', 'content/meau', null, '1499928124', '1500007970');
INSERT INTO `auth_item` VALUES ('content/meau-add', '2', '', 'content/meau-add', null, '1500007970', '1500007970');
INSERT INTO `auth_item` VALUES ('content/prolist', '2', '', 'content/prolist', null, '1499928124', '1499928668');
INSERT INTO `auth_item` VALUES ('database/export', '2', '', 'database/export', null, '1484734305', '1500007970');
INSERT INTO `auth_item` VALUES ('editor', '1', '网站编辑', null, null, '1484712712', '1499920568');
INSERT INTO `auth_item` VALUES ('index/index', '2', '', 'index/index', null, '1484734191', '1500007970');
INSERT INTO `auth_item` VALUES ('meau/delete', '2', null, 'meau/delete', null, '1499928124', '1499928124');
INSERT INTO `auth_item` VALUES ('menu/create', '2', '', 'menu/create', null, '1484734191', '1500007970');
INSERT INTO `auth_item` VALUES ('menu/delete', '2', '', 'menu/delete', null, '1484734191', '1500007970');
INSERT INTO `auth_item` VALUES ('menu/index', '2', '', 'menu/index', null, '1484734191', '1500007970');
INSERT INTO `auth_item` VALUES ('menu/update', '2', '', 'menu/update', null, '1484734191', '1500007970');
INSERT INTO `auth_item` VALUES ('prolist/index', '2', '', 'prolist/index', null, '1500007970', '1500007970');
INSERT INTO `auth_item` VALUES ('role/auth', '2', '', 'role/auth', null, '1484734191', '1500007970');
INSERT INTO `auth_item` VALUES ('role/create', '2', '', 'role/create', null, '1484734191', '1500007970');
INSERT INTO `auth_item` VALUES ('role/delete', '2', '', 'role/delete', null, '1484734191', '1500007970');
INSERT INTO `auth_item` VALUES ('role/index', '2', '', 'role/index', null, '1484734191', '1500007970');
INSERT INTO `auth_item` VALUES ('role/update', '2', '', 'role/update', null, '1484734191', '1500007970');

-- ----------------------------
-- Table structure for `auth_item_child`
-- ----------------------------
DROP TABLE IF EXISTS `auth_item_child`;
CREATE TABLE `auth_item_child` (
  `parent` varchar(64) NOT NULL,
  `child` varchar(64) NOT NULL,
  PRIMARY KEY (`parent`,`child`),
  KEY `child` (`child`),
  CONSTRAINT `auth_item_child_ibfk_1` FOREIGN KEY (`parent`) REFERENCES `auth_item` (`name`) ON DELETE CASCADE ON UPDATE CASCADE,
  CONSTRAINT `auth_item_child_ibfk_2` FOREIGN KEY (`child`) REFERENCES `auth_item` (`name`) ON DELETE CASCADE ON UPDATE CASCADE
) ENGINE=InnoDB DEFAULT CHARSET=utf8;

-- ----------------------------
-- Records of auth_item_child
-- ----------------------------
INSERT INTO `auth_item_child` VALUES ('admin', 'admin/auth');
INSERT INTO `auth_item_child` VALUES ('admin', 'admin/create');
INSERT INTO `auth_item_child` VALUES ('admin', 'admin/delete');
INSERT INTO `auth_item_child` VALUES ('admin', 'admin/index');
INSERT INTO `auth_item_child` VALUES ('admin', 'admin/update');
INSERT INTO `auth_item_child` VALUES ('admin', 'banner/index');
INSERT INTO `auth_item_child` VALUES ('admin', 'config/attachment');
INSERT INTO `auth_item_child` VALUES ('admin', 'config/basic');
INSERT INTO `auth_item_child` VALUES ('admin', 'config/send-mail');
INSERT INTO `auth_item_child` VALUES ('admin', 'content/index');
INSERT INTO `auth_item_child` VALUES ('admin', 'content/meau');
INSERT INTO `auth_item_child` VALUES ('admin', 'content/meau-add');
INSERT INTO `auth_item_child` VALUES ('admin', 'database/export');
INSERT INTO `auth_item_child` VALUES ('admin', 'index/index');
INSERT INTO `auth_item_child` VALUES ('admin', 'meau/delete');
INSERT INTO `auth_item_child` VALUES ('admin', 'menu/create');
INSERT INTO `auth_item_child` VALUES ('admin', 'menu/delete');
INSERT INTO `auth_item_child` VALUES ('admin', 'menu/index');
INSERT INTO `auth_item_child` VALUES ('admin', 'menu/update');
INSERT INTO `auth_item_child` VALUES ('admin', 'prolist/index');
INSERT INTO `auth_item_child` VALUES ('admin', 'role/auth');
INSERT INTO `auth_item_child` VALUES ('admin', 'role/create');
INSERT INTO `auth_item_child` VALUES ('admin', 'role/delete');
INSERT INTO `auth_item_child` VALUES ('admin', 'role/index');
INSERT INTO `auth_item_child` VALUES ('admin', 'role/update');

-- ----------------------------
-- Table structure for `auth_rule`
-- ----------------------------
DROP TABLE IF EXISTS `auth_rule`;
CREATE TABLE `auth_rule` (
  `name` varchar(64) NOT NULL,
  `data` text,
  `created_at` int(11) DEFAULT NULL,
  `updated_at` int(11) DEFAULT NULL,
  PRIMARY KEY (`name`)
) ENGINE=InnoDB DEFAULT CHARSET=utf8;

-- ----------------------------
-- Records of auth_rule
-- ----------------------------
INSERT INTO `auth_rule` VALUES ('', 'O:23:\"backend\\models\\AuthRule\":4:{s:4:\"name\";s:0:\"\";s:30:\"\0backend\\models\\AuthRule\0_rule\";r:1;s:9:\"createdAt\";i:1484734191;s:9:\"updatedAt\";i:1499928658;}', '1484734191', '1499928658');
INSERT INTO `auth_rule` VALUES ('admin/auth', 'O:23:\"backend\\models\\AuthRule\":4:{s:4:\"name\";s:10:\"admin/auth\";s:30:\"\0backend\\models\\AuthRule\0_rule\";r:1;s:9:\"createdAt\";i:1484734191;s:9:\"updatedAt\";i:1500007970;}', '1484734191', '1500007970');
INSERT INTO `auth_rule` VALUES ('admin/create', 'O:23:\"backend\\models\\AuthRule\":4:{s:4:\"name\";s:12:\"admin/create\";s:30:\"\0backend\\models\\AuthRule\0_rule\";r:1;s:9:\"createdAt\";i:1484734191;s:9:\"updatedAt\";i:1500007970;}', '1484734191', '1500007970');
INSERT INTO `auth_rule` VALUES ('admin/delete', 'O:23:\"backend\\models\\AuthRule\":4:{s:4:\"name\";s:12:\"admin/delete\";s:30:\"\0backend\\models\\AuthRule\0_rule\";r:1;s:9:\"createdAt\";i:1484734191;s:9:\"updatedAt\";i:1500007970;}', '1484734191', '1500007970');
INSERT INTO `auth_rule` VALUES ('admin/index', 'O:23:\"backend\\models\\AuthRule\":4:{s:4:\"name\";s:11:\"admin/index\";s:30:\"\0backend\\models\\AuthRule\0_rule\";r:1;s:9:\"createdAt\";i:1484734191;s:9:\"updatedAt\";i:1500007970;}', '1484734191', '1500007970');
INSERT INTO `auth_rule` VALUES ('admin/update', 'O:23:\"backend\\models\\AuthRule\":4:{s:4:\"name\";s:12:\"admin/update\";s:30:\"\0backend\\models\\AuthRule\0_rule\";r:1;s:9:\"createdAt\";i:1484734191;s:9:\"updatedAt\";i:1500007970;}', '1484734191', '1500007970');
INSERT INTO `auth_rule` VALUES ('banner/index', 'O:23:\"backend\\models\\AuthRule\":4:{s:4:\"name\";s:12:\"banner/index\";s:30:\"\0backend\\models\\AuthRule\0_rule\";r:1;s:9:\"createdAt\";i:1500007970;s:9:\"updatedAt\";i:1500007970;}', '1500007970', '1500007970');
INSERT INTO `auth_rule` VALUES ('config/attachment', 'O:23:\"backend\\models\\AuthRule\":4:{s:4:\"name\";s:17:\"config/attachment\";s:30:\"\0backend\\models\\AuthRule\0_rule\";r:1;s:9:\"createdAt\";i:1484734191;s:9:\"updatedAt\";i:1500007970;}', '1484734191', '1500007970');
INSERT INTO `auth_rule` VALUES ('config/basic', 'O:23:\"backend\\models\\AuthRule\":4:{s:4:\"name\";s:12:\"config/basic\";s:30:\"\0backend\\models\\AuthRule\0_rule\";r:1;s:9:\"createdAt\";i:1484734191;s:9:\"updatedAt\";i:1500007970;}', '1484734191', '1500007970');
INSERT INTO `auth_rule` VALUES ('config/send-mail', 'O:23:\"backend\\models\\AuthRule\":4:{s:4:\"name\";s:16:\"config/send-mail\";s:30:\"\0backend\\models\\AuthRule\0_rule\";r:1;s:9:\"createdAt\";i:1484734191;s:9:\"updatedAt\";i:1500007970;}', '1484734191', '1500007970');
INSERT INTO `auth_rule` VALUES ('content/banner', 'O:23:\"backend\\models\\AuthRule\":4:{s:4:\"name\";s:14:\"content/banner\";s:30:\"\0backend\\models\\AuthRule\0_rule\";r:1;s:9:\"createdAt\";i:1499928124;s:9:\"updatedAt\";i:1499928668;}', '1499928124', '1499928668');
INSERT INTO `auth_rule` VALUES ('content/index', 'O:23:\"backend\\models\\AuthRule\":4:{s:4:\"name\";s:13:\"content/index\";s:30:\"\0backend\\models\\AuthRule\0_rule\";r:1;s:9:\"createdAt\";i:1499928124;s:9:\"updatedAt\";i:1500007970;}', '1499928124', '1500007970');
INSERT INTO `auth_rule` VALUES ('content/meau', 'O:23:\"backend\\models\\AuthRule\":4:{s:4:\"name\";s:12:\"content/meau\";s:30:\"\0backend\\models\\AuthRule\0_rule\";r:1;s:9:\"createdAt\";i:1499928124;s:9:\"updatedAt\";i:1500007970;}', '1499928124', '1500007970');
INSERT INTO `auth_rule` VALUES ('content/meau-add', 'O:23:\"backend\\models\\AuthRule\":4:{s:4:\"name\";s:16:\"content/meau-add\";s:30:\"\0backend\\models\\AuthRule\0_rule\";r:1;s:9:\"createdAt\";i:1500007970;s:9:\"updatedAt\";i:1500007970;}', '1500007970', '1500007970');
INSERT INTO `auth_rule` VALUES ('content/prolist', 'O:23:\"backend\\models\\AuthRule\":4:{s:4:\"name\";s:15:\"content/prolist\";s:30:\"\0backend\\models\\AuthRule\0_rule\";r:1;s:9:\"createdAt\";i:1499928124;s:9:\"updatedAt\";i:1499928668;}', '1499928124', '1499928668');
INSERT INTO `auth_rule` VALUES ('database/export', 'O:23:\"backend\\models\\AuthRule\":4:{s:4:\"name\";s:15:\"database/export\";s:30:\"\0backend\\models\\AuthRule\0_rule\";r:1;s:9:\"createdAt\";i:1484734305;s:9:\"updatedAt\";i:1500007970;}', '1484734305', '1500007970');
INSERT INTO `auth_rule` VALUES ('index/index', 'O:23:\"backend\\models\\AuthRule\":4:{s:4:\"name\";s:11:\"index/index\";s:30:\"\0backend\\models\\AuthRule\0_rule\";r:1;s:9:\"createdAt\";i:1484734191;s:9:\"updatedAt\";i:1500007970;}', '1484734191', '1500007970');
INSERT INTO `auth_rule` VALUES ('meau/delete', 'O:23:\"backend\\models\\AuthRule\":4:{s:4:\"name\";s:11:\"meau/delete\";s:30:\"', '1484734191', '1500007970');
INSERT INTO `auth_rule` VALUES ('menu/create', 'O:23:\"backend\\models\\AuthRule\":4:{s:4:\"name\";s:11:\"menu/create\";s:30:\"\0backend\\models\\AuthRule\0_rule\";r:1;s:9:\"createdAt\";i:1484734191;s:9:\"updatedAt\";i:1500007970;}', '1484734191', '1500007970');
INSERT INTO `auth_rule` VALUES ('menu/delete', 'O:23:\"backend\\models\\AuthRule\":4:{s:4:\"name\";s:11:\"menu/delete\";s:30:\"\0backend\\models\\AuthRule\0_rule\";r:1;s:9:\"createdAt\";i:1484734191;s:9:\"updatedAt\";i:1500007970;}', '1484734191', '1500007970');
INSERT INTO `auth_rule` VALUES ('menu/index', 'O:23:\"backend\\models\\AuthRule\":4:{s:4:\"name\";s:10:\"menu/index\";s:30:\"\0backend\\models\\AuthRule\0_rule\";r:1;s:9:\"createdAt\";i:1484734191;s:9:\"updatedAt\";i:1500007970;}', '1484734191', '1500007970');
INSERT INTO `auth_rule` VALUES ('menu/update', 'O:23:\"backend\\models\\AuthRule\":4:{s:4:\"name\";s:11:\"menu/update\";s:30:\"\0backend\\models\\AuthRule\0_rule\";r:1;s:9:\"createdAt\";i:1484734191;s:9:\"updatedAt\";i:1500007970;}', '1484734191', '1500007970');
INSERT INTO `auth_rule` VALUES ('prolist/index', 'O:23:\"backend\\models\\AuthRule\":4:{s:4:\"name\";s:13:\"prolist/index\";s:30:\"\0backend\\models\\AuthRule\0_rule\";r:1;s:9:\"createdAt\";i:1500007970;s:9:\"updatedAt\";i:1500007970;}', '1500007970', '1500007970');
INSERT INTO `auth_rule` VALUES ('role/auth', 'O:23:\"backend\\models\\AuthRule\":4:{s:4:\"name\";s:9:\"role/auth\";s:30:\"\0backend\\models\\AuthRule\0_rule\";r:1;s:9:\"createdAt\";i:1484734191;s:9:\"updatedAt\";i:1500007970;}', '1484734191', '1500007970');
INSERT INTO `auth_rule` VALUES ('role/create', 'O:23:\"backend\\models\\AuthRule\":4:{s:4:\"name\";s:11:\"role/create\";s:30:\"\0backend\\models\\AuthRule\0_rule\";r:1;s:9:\"createdAt\";i:1484734191;s:9:\"updatedAt\";i:1500007970;}', '1484734191', '1500007970');
INSERT INTO `auth_rule` VALUES ('role/delete', 'O:23:\"backend\\models\\AuthRule\":4:{s:4:\"name\";s:11:\"role/delete\";s:30:\"\0backend\\models\\AuthRule\0_rule\";r:1;s:9:\"createdAt\";i:1484734191;s:9:\"updatedAt\";i:1500007970;}', '1484734191', '1500007970');
INSERT INTO `auth_rule` VALUES ('role/index', 'O:23:\"backend\\models\\AuthRule\":4:{s:4:\"name\";s:10:\"role/index\";s:30:\"\0backend\\models\\AuthRule\0_rule\";r:1;s:9:\"createdAt\";i:1484734191;s:9:\"updatedAt\";i:1500007970;}', '1484734191', '1500007970');
INSERT INTO `auth_rule` VALUES ('role/update', 'O:23:\"backend\\models\\AuthRule\":4:{s:4:\"name\";s:11:\"role/update\";s:30:\"\0backend\\models\\AuthRule\0_rule\";r:1;s:9:\"createdAt\";i:1484734191;s:9:\"updatedAt\";i:1500007970;}', '1484734191', '1500007970');

-- ----------------------------
-- Table structure for `banner`
-- ----------------------------
DROP TABLE IF EXISTS `banner`;
CREATE TABLE `banner` (
  `id` int(10) unsigned NOT NULL AUTO_INCREMENT COMMENT 'bannerId',
  `img` varchar(255) NOT NULL DEFAULT '' COMMENT 'banner图片地址',
  `url` varchar(255) NOT NULL DEFAULT '' COMMENT 'url',
  `sort` tinyint(2) unsigned NOT NULL DEFAULT '1',
  `meau_color` varchar(20) NOT NULL DEFAULT '' COMMENT '菜单颜色',
  `admin_id` int(10) unsigned NOT NULL DEFAULT '0' COMMENT '创建者ID',
  `status` tinyint(2) NOT NULL DEFAULT '1' COMMENT '1正常  -9删除',
  `ctime` int(11) unsigned NOT NULL DEFAULT '0' COMMENT '创建时间',
  PRIMARY KEY (`id`)
) ENGINE=InnoDB AUTO_INCREMENT=5 DEFAULT CHARSET=utf8 COMMENT='首页banner';

-- ----------------------------
-- Records of banner
-- ----------------------------
INSERT INTO `banner` VALUES ('1', 'http://admin.xkkb.com/statics/themes/admin/banner/banner1.jpg', 'https://www.baidu.com', '1', '#000000', '1', '1', '1500429537');
INSERT INTO `banner` VALUES ('2', 'http://admin.xkkb.com/statics/upload/2017_07_19/10c4a583ccb72d42c58230673f592357184.jpg', 'https://www.baidu.com', '2', 'white', '1', '-9', '1500456007');
INSERT INTO `banner` VALUES ('3', 'http://admin.xkkb.com/statics/upload/2017_07_19/9abb957a84dfbde7c94da3a37bd2b0374524.jpg', 'https://www.baidu.com', '3', 'white', '1', '-9', '1500456121');
INSERT INTO `banner` VALUES ('4', 'http://admin.xkkb.com/statics/upload/2017_07_20/f8d8153fb4f29d3af15276db22435d482772.jpg', 'http://xkkb.com', '2', '#000000', '1', '1', '1500515680');

-- ----------------------------
-- Table structure for `category`
-- ----------------------------
DROP TABLE IF EXISTS `category`;
CREATE TABLE `category` (
  `id` int(10) unsigned NOT NULL AUTO_INCREMENT,
  `pid` int(10) unsigned NOT NULL DEFAULT '0' COMMENT '上一级分类的ID',
  `cate_name` varchar(25) NOT NULL DEFAULT '' COMMENT '分类名称',
  `cate_icon` varchar(255) NOT NULL DEFAULT '' COMMENT '分类图片',
  `cate_hover_icon` varchar(255) NOT NULL DEFAULT '' COMMENT '激活时icon',
  `cate_desc` text COMMENT '分类描述',
  `cate_sort` tinyint(2) unsigned NOT NULL DEFAULT '0' COMMENT '排序',
  `cate_level` tinyint(2) unsigned NOT NULL DEFAULT '1' COMMENT '分类层级 1-一级分类 2-二级分类 3-三级分类',
  `admin_id` int(10) unsigned NOT NULL DEFAULT '0' COMMENT '创建者ID',
  `type` tinyint(2) unsigned NOT NULL DEFAULT '0' COMMENT '类型 1-产品分类 2-新闻 3-技术与服务 4-关于我们',
  `status` tinyint(2) NOT NULL DEFAULT '1' COMMENT '1-正常  -9-删除',
  `ctime` int(11) unsigned NOT NULL DEFAULT '0' COMMENT '创建时间',
  PRIMARY KEY (`id`)
) ENGINE=InnoDB AUTO_INCREMENT=16 DEFAULT CHARSET=utf8 COMMENT='商品分类表';

-- ----------------------------
-- Records of category
-- ----------------------------
INSERT INTO `category` VALUES ('1', '0', '室外光缆系列', '/cn/product/dl1.png', '/cn/product/dl2.png', null, '1', '1', '1', '1', '1', '1500710806');
INSERT INTO `category` VALUES ('2', '0', '室内光缆系列', '/cn/product/sn1.png', '/cn/product/sn2.png', null, '2', '1', '1', '1', '1', '1500710806');
INSERT INTO `category` VALUES ('3', '0', '数据中心系列', '/cn/product/yx1.png', '/cn/product/yx2.png', null, '3', '1', '1', '1', '1', '1500710806');
INSERT INTO `category` VALUES ('4', '0', '光纤入户系列', '/cn/product/fj1.png', '/cn/product/fj2.png', null, '4', '1', '1', '1', '1', '1500710806');
INSERT INTO `category` VALUES ('5', '0', '光纤跳线系列', '/cn/product/dx1.png', '/cn/product/dx2.png', null, '5', '1', '1', '1', '1', '1500710806');
INSERT INTO `category` VALUES ('6', '0', '光传输设备', '/cn/product/yq1.png', '/cn/product/yq2.png', null, '6', '1', '1', '1', '1', '1500710806');
INSERT INTO `category` VALUES ('7', '0', '综合布线', '/cn/product/yb1.png', '/cn/product/yb2.png', null, '7', '1', '1', '1', '1', '1500710806');
INSERT INTO `category` VALUES ('8', '0', '安防监控', '/cn/product/jk1.png', '/cn/product/jk2.png', null, '8', '1', '1', '1', '1', '1500710806');
INSERT INTO `category` VALUES ('9', '0', '行业新闻', '/cn/news/news-1.png', '/cn/news/news-2.png', null, '1', '1', '1', '2', '1', '1500710806');
INSERT INTO `category` VALUES ('10', '0', '新科凯邦', '/cn/news/12-2.png', '/cn/news/12.png', null, '2', '1', '1', '2', '1', '1500710806');
INSERT INTO `category` VALUES ('11', '0', '解决方案', '/cn/support/js1.png', '/cn/support/js2.png', null, '1', '1', '1', '3', '1', '1500710806');
INSERT INTO `category` VALUES ('12', '0', '客户服务', '/cn/support/kf1.png', '/cn/support/kf2.png', null, '2', '1', '1', '3', '1', '1500710806');
INSERT INTO `category` VALUES ('13', '0', '公司简介', '/cn/aboult/ab2.png', '/cn/aboult/ab1.png', null, '1', '1', '1', '4', '1', '1500710806');
INSERT INTO `category` VALUES ('14', '0', '公司文化', '/cn/aboult/ab3.png', '/cn/aboult/ab4.png', null, '2', '1', '1', '4', '1', '1500710806');
INSERT INTO `category` VALUES ('15', '0', '检验资质', '/cn/aboult/ab5.png', '/cn/aboult/ab6.png', null, '3', '1', '1', '4', '1', '1500710806');

-- ----------------------------
-- Table structure for `meau_index`
-- ----------------------------
DROP TABLE IF EXISTS `meau_index`;
CREATE TABLE `meau_index` (
  `id` int(10) unsigned NOT NULL AUTO_INCREMENT,
  `url` varchar(255) NOT NULL DEFAULT '' COMMENT 'URL',
  `meau` varchar(10) NOT NULL DEFAULT '' COMMENT '菜单名称',
  `show` text COMMENT '下来菜单展示列表',
  `show_limit` int(2) unsigned NOT NULL DEFAULT '8' COMMENT '下拉展示信息条数限制',
  `admin_id` int(10) unsigned NOT NULL DEFAULT '0' COMMENT '创建者ID',
  `sort` tinyint(2) unsigned NOT NULL DEFAULT '1' COMMENT '排序',
  `status` tinyint(2) NOT NULL DEFAULT '1' COMMENT '1正常 -9删除',
  `ctime` int(11) NOT NULL DEFAULT '0' COMMENT '创建时间',
  PRIMARY KEY (`id`)
) ENGINE=InnoDB AUTO_INCREMENT=9 DEFAULT CHARSET=utf8 COMMENT='首页菜单';

-- ----------------------------
-- Records of meau_index
-- ----------------------------
INSERT INTO `meau_index` VALUES ('1', 'http://xkkb.com/zh_cn', '首页', 'a:3:{i:0;a:3:{s:3:\"url\";s:88:\"http://admin.xkkb.com/statics/upload/2017_07_18/829652c900bac6d09d8de6e3b686c6409461.jpg\";s:5:\"title\";s:6:\"首页\";s:4:\"link\";s:12:\"www.xkkb.com\";}i:1;a:3:{s:3:\"url\";s:88:\"http://admin.xkkb.com/statics/upload/2017_07_18/26006cd12ba679d554650edcc49b3a3a2332.jpg\";s:5:\"title\";s:9:\"首页222\";s:4:\"link\";s:13:\"www.baidu.com\";}i:2;a:3:{s:3:\"url\";s:88:\"http://admin.xkkb.com/statics/upload/2017_07_18/a3255e5e718ace98837c6bbd91d3d4310079.jpg\";s:5:\"title\";s:4:\"home\";s:4:\"link\";s:13:\"www.baidu.com\";}}', '8', '1', '1', '1', '1499932205');
INSERT INTO `meau_index` VALUES ('2', '', '', null, '8', '0', '1', '-9', '0');
INSERT INTO `meau_index` VALUES ('3', 'http://xkkb.com/zh_cn/aboult', '关于我们', 'a:3:{i:0;a:3:{s:3:\"url\";s:88:\"http://admin.xkkb.com/statics/upload/2017_07_18/05c49eef17f4f1c37c4eab6dca4c3c9e3364.jpg\";s:5:\"title\";s:6:\"我的\";s:4:\"link\";s:13:\"www.baidu.com\";}i:1;a:3:{s:3:\"url\";s:87:\"http://admin.xkkb.com/statics/upload/2017_07_18/852be278327d6c3ef64413c64533dc43191.jpg\";s:5:\"title\";s:6:\"他的\";s:4:\"link\";s:13:\"www.baidu.com\";}i:2;a:3:{s:3:\"url\";s:88:\"http://admin.xkkb.com/statics/upload/2017_07_18/9bc6c50c7d563e7e7c2f13d8332749c02245.jpg\";s:5:\"title\";s:6:\"你的\";s:4:\"link\";s:13:\"www.baidu.com\";}}', '8', '1', '2', '1', '1500343804');
INSERT INTO `meau_index` VALUES ('4', 'http://xkkb.com/zh_cn/product', '产品展示', 'a:3:{i:0;a:3:{s:3:\"url\";s:88:\"http://admin.xkkb.com/statics/upload/2017_07_18/db3b570626ba5259e74612b25f12073b4118.jpg\";s:5:\"title\";s:6:\"哈哈\";s:4:\"link\";s:13:\"www.baidu.com\";}i:1;a:3:{s:3:\"url\";s:88:\"http://admin.xkkb.com/statics/upload/2017_07_18/b0d9c2dc349af10e3870aae3929156e19355.jpg\";s:5:\"title\";s:6:\"呵呵\";s:4:\"link\";s:13:\"www.baidu.com\";}i:2;a:3:{s:3:\"url\";s:88:\"http://admin.xkkb.com/statics/upload/2017_07_18/26006cd12ba679d554650edcc49b3a3a1927.jpg\";s:5:\"title\";s:6:\"嘿嘿\";s:4:\"link\";s:13:\"www.baidu.com\";}}', '8', '1', '3', '1', '1500344687');
INSERT INTO `meau_index` VALUES ('5', 'https://www.baidu.com', '应用案例', 'a:1:{i:0;a:3:{s:3:\"url\";s:88:\"http://admin.xkkb.com/statics/upload/2017_07_18/26006cd12ba679d554650edcc49b3a3a9407.jpg\";s:5:\"title\";s:12:\"客户案例\";s:4:\"link\";s:13:\"www.baidu.com\";}}', '8', '1', '4', '1', '1500361831');
INSERT INTO `meau_index` VALUES ('6', 'http://xkkb.com/zh_cn/support', '技术支持', 'a:2:{i:0;a:3:{s:3:\"url\";s:88:\"http://admin.xkkb.com/statics/upload/2017_07_19/b0d9c2dc349af10e3870aae3929156e15058.jpg\";s:5:\"title\";s:9:\"和哈哈\";s:4:\"link\";s:21:\"https://www.baidu.com\";}i:1;a:3:{s:3:\"url\";s:88:\"http://admin.xkkb.com/statics/upload/2017_07_19/9bc6c50c7d563e7e7c2f13d8332749c06812.jpg\";s:5:\"title\";s:9:\"阿萨德\";s:4:\"link\";s:21:\"https://www.baidu.com\";}}', '8', '1', '5', '1', '1500361856');
INSERT INTO `meau_index` VALUES ('7', 'http://xkkb.com/zh_cn/news', '新闻中心', 'a:2:{i:0;a:3:{s:3:\"url\";s:88:\"http://admin.xkkb.com/statics/upload/2017_07_19/a3255e5e718ace98837c6bbd91d3d4310641.jpg\";s:5:\"title\";s:9:\"阿萨德\";s:4:\"link\";s:21:\"https://www.baidu.com\";}i:1;a:3:{s:3:\"url\";s:88:\"http://admin.xkkb.com/statics/upload/2017_07_19/26006cd12ba679d554650edcc49b3a3a7223.jpg\";s:5:\"title\";s:9:\"水电费\";s:4:\"link\";s:21:\"https://www.baidu.com\";}}', '8', '1', '6', '1', '1500361904');
INSERT INTO `meau_index` VALUES ('8', 'https://www.baidu.com', '联系我们', 'a:5:{i:0;a:3:{s:3:\"url\";s:88:\"http://admin.xkkb.com/statics/upload/2017_07_19/26006cd12ba679d554650edcc49b3a3a2435.jpg\";s:5:\"title\";s:6:\"回家\";s:4:\"link\";s:21:\"https://www.baidu.com\";}i:1;a:3:{s:3:\"url\";s:88:\"http://admin.xkkb.com/statics/upload/2017_07_19/852be278327d6c3ef64413c64533dc435287.jpg\";s:5:\"title\";s:3:\"123\";s:4:\"link\";s:21:\"https://www.baidu.com\";}i:2;a:3:{s:3:\"url\";s:87:\"http://admin.xkkb.com/statics/upload/2017_07_19/b0d9c2dc349af10e3870aae3929156e1697.jpg\";s:5:\"title\";s:9:\"王企鹅\";s:4:\"link\";s:21:\"https://www.baidu.com\";}i:3;a:3:{s:3:\"url\";s:88:\"http://admin.xkkb.com/statics/upload/2017_07_19/db3b570626ba5259e74612b25f12073b4269.jpg\";s:5:\"title\";s:6:\"请问\";s:4:\"link\";s:21:\"https://www.baidu.com\";}i:4;a:3:{s:3:\"url\";s:88:\"http://admin.xkkb.com/statics/upload/2017_07_19/829652c900bac6d09d8de6e3b686c6409074.jpg\";s:5:\"title\";s:6:\"二二\";s:4:\"link\";s:21:\"https://www.baidu.com\";}}', '8', '1', '7', '1', '1500361922');

-- ----------------------------
-- Table structure for `menu`
-- ----------------------------
DROP TABLE IF EXISTS `menu`;
CREATE TABLE `menu` (
  `id` int(11) unsigned NOT NULL AUTO_INCREMENT,
  `pid` int(10) unsigned NOT NULL DEFAULT '0',
  `name` varchar(50) NOT NULL DEFAULT '',
  `url` varchar(60) NOT NULL DEFAULT '',
  `icon_style` varchar(50) NOT NULL DEFAULT '',
  `display` tinyint(3) unsigned NOT NULL DEFAULT '1',
  `sort` smallint(5) unsigned NOT NULL DEFAULT '0',
  PRIMARY KEY (`id`)
) ENGINE=InnoDB AUTO_INCREMENT=41 DEFAULT CHARSET=utf8;

-- ----------------------------
-- Records of menu
-- ----------------------------
INSERT INTO `menu` VALUES ('1', '0', '我的面板', 'index/index', 'fa-home', '1', '0');
INSERT INTO `menu` VALUES ('2', '0', '站点设置', 'config/basic', 'fa-cogs', '1', '0');
INSERT INTO `menu` VALUES ('3', '0', '管理员设置', 'admin/index', 'fa-user', '1', '0');
INSERT INTO `menu` VALUES ('4', '0', '内容设置', 'meau/index', 'fa-edit', '1', '0');
INSERT INTO `menu` VALUES ('5', '0', '用户设置', '', 'fa-users', '1', '0');
INSERT INTO `menu` VALUES ('6', '0', '数据库设置', 'database/export', 'fa-hdd-o', '1', '0');
INSERT INTO `menu` VALUES ('7', '0', '界面设置', '', 'fa-picture-o', '0', '0');
INSERT INTO `menu` VALUES ('8', '1', '系统信息', 'index/index', '', '1', '0');
INSERT INTO `menu` VALUES ('9', '2', '站点配置', 'config/basic', '', '1', '0');
INSERT INTO `menu` VALUES ('10', '2', '后台菜单管理', 'menu/index', '', '1', '0');
INSERT INTO `menu` VALUES ('11', '3', '管理员管理', 'admin/index', '', '1', '0');
INSERT INTO `menu` VALUES ('12', '3', '角色管理', 'role/index', '', '1', '0');
INSERT INTO `menu` VALUES ('13', '4', '导航管理', 'meau/index', '', '1', '0');
INSERT INTO `menu` VALUES ('14', '4', 'Banner管理', 'banner/index', '', '1', '0');
INSERT INTO `menu` VALUES ('15', '4', '分类管理', 'category/index', '', '1', '0');
INSERT INTO `menu` VALUES ('16', '5', '用户管理', '', '', '1', '0');
INSERT INTO `menu` VALUES ('17', '6', '数据库管理', 'database/export', '', '1', '0');
INSERT INTO `menu` VALUES ('18', '7', '主题管理', '', '', '1', '0');
INSERT INTO `menu` VALUES ('19', '7', '模板管理', '', '', '1', '0');
INSERT INTO `menu` VALUES ('20', '9', '基本配置', 'config/basic', '', '1', '0');
INSERT INTO `menu` VALUES ('21', '9', '邮箱配置', 'config/send-mail', '', '1', '0');
INSERT INTO `menu` VALUES ('22', '9', '附件配置', 'config/attachment', '', '1', '0');
INSERT INTO `menu` VALUES ('23', '10', '添加菜单', 'menu/create', '', '1', '0');
INSERT INTO `menu` VALUES ('24', '10', '更新', 'menu/update', '', '1', '0');
INSERT INTO `menu` VALUES ('25', '10', '删除', 'menu/delete', '', '1', '0');
INSERT INTO `menu` VALUES ('26', '11', '添加', 'admin/create', '', '1', '0');
INSERT INTO `menu` VALUES ('27', '11', '更新', 'admin/update', '', '1', '0');
INSERT INTO `menu` VALUES ('28', '11', '授权', 'admin/auth', '', '1', '0');
INSERT INTO `menu` VALUES ('29', '11', '删除', 'admin/delete', '', '1', '0');
INSERT INTO `menu` VALUES ('30', '12', '添加', 'role/create', '', '1', '0');
INSERT INTO `menu` VALUES ('31', '12', '更新', 'role/update', '', '1', '0');
INSERT INTO `menu` VALUES ('32', '12', '授权', 'role/auth', '', '1', '0');
INSERT INTO `menu` VALUES ('33', '12', '删除', 'role/delete', '', '1', '0');
INSERT INTO `menu` VALUES ('35', '13', '导航菜单列表', 'meau/index', '', '1', '0');
INSERT INTO `menu` VALUES ('36', '13', '新增导航', 'meau/add', '', '1', '0');
INSERT INTO `menu` VALUES ('37', '4', '新闻动态', 'news/index', '', '1', '1');
INSERT INTO `menu` VALUES ('38', '37', '行业新闻', 'news/index', '', '1', '1');
INSERT INTO `menu` VALUES ('39', '37', '新科凯邦', 'news/xkkb', '', '1', '2');
INSERT INTO `menu` VALUES ('40', '37', '新闻发布', 'news/publish', '', '1', '3');

-- ----------------------------
-- Table structure for `migration`
-- ----------------------------
DROP TABLE IF EXISTS `migration`;
CREATE TABLE `migration` (
  `version` varchar(180) NOT NULL,
  `apply_time` int(11) DEFAULT NULL,
  PRIMARY KEY (`version`)
) ENGINE=InnoDB DEFAULT CHARSET=utf8;

-- ----------------------------
-- Records of migration
-- ----------------------------
INSERT INTO `migration` VALUES ('m000000_000000_base', '1482231528');
INSERT INTO `migration` VALUES ('m130524_201442_init', '1482231534');

-- ----------------------------
-- Table structure for `news`
-- ----------------------------
DROP TABLE IF EXISTS `news`;
CREATE TABLE `news` (
  `id` int(10) unsigned NOT NULL AUTO_INCREMENT,
  `title` varchar(25) NOT NULL DEFAULT '' COMMENT '标题',
  `desc` varchar(255) NOT NULL DEFAULT '' COMMENT '摘要',
  `content` text COMMENT '内容',
  `cover` varchar(255) NOT NULL DEFAULT '' COMMENT '封面图',
  `category` tinyint(2) unsigned NOT NULL DEFAULT '0' COMMENT '分类  9-行业 10-公司',
  `tags` varchar(255) NOT NULL DEFAULT '' COMMENT '标签',
  `admin_id` int(10) unsigned NOT NULL DEFAULT '0' COMMENT '编辑ID',
  `status` tinyint(2) NOT NULL DEFAULT '2' COMMENT '1-发布 2-待发布 -9-删除',
  `ctime` int(11) unsigned NOT NULL DEFAULT '0',
  PRIMARY KEY (`id`)
) ENGINE=InnoDB AUTO_INCREMENT=22 DEFAULT CHARSET=utf8;

-- ----------------------------
-- Records of news
-- ----------------------------
INSERT INTO `news` VALUES ('1', '公司留不住人？ 或许是办公室风水太差', '好的办公室风水无论是对员工还是对整个企业发展来说都有着至关重要的作用。风水学不是迷信，而是一种人居科学，企业经营者掌握办公室风水禁忌对事业的发展百利而无一害。', '<div class=\"article-box\"><p><span style=\"font-size:16px\">很多公司的人员流动性高，有可能是公司的风水不佳留不住人。好的<a href=\"http://www.haozu.com\" target=\"_blank\">办公室</a>风水无论是对员工还是对整个企业发展来说都有着至关重要的作用。风水学不是迷信，而是一种人居科学，企业经营者掌握办公室风水禁忌对事业的发展百利而无一害。</span></p><p style=\"text-align: center;\"><span style=\"font-size:16px\"><a href=\"http://www.haozu.com\" target=\"_blank\"><img src=\"http://fang-oss.haozu.com/hzfs41/BC/GH/J5/f22a1d795e185183e27d489d814093b8.jpg@600w_377h_90Q%7Cwatermark=1&amp;object=aGFvenUucG5n&amp;t=90\" _src=\"http://fang-oss.haozu.com/hzfs41/BC/GH/J5/f22a1d795e185183e27d489d814093b8.jpg@600w_377h_90Q%7Cwatermark=1&amp;object=aGFvenUucG5n&amp;t=90\" title=\"b_381909416\"></a></span></p><h2><span style=\"font-size: medium;\">1</span><span style=\"font-size: medium;\">、办公室明堂不宜窄小局限</span></h2><p><span style=\"font-size:16px\">办公室明堂宜宽大；从静宫八卦的角度而言，办公室正前方的明堂位，正属于离位，离卦在八卦中乃事业的象征。因此明堂，亦即办公室正前方的位置，可说直接指涉这个单位的前程吉凶。所以如果办公室的明堂狭窄闭塞，势必象征此单位前途有限，阻碍众多，开发艰难。反之，如果办公室的内外明堂均开阔清幽，则意指这家公司前途似锦，业务顺利而成功。</span></p><h2><span style=\"font-size: medium;\">2</span><span style=\"font-size: medium;\">、公司的横梁忌裸露</span></h2><p><span style=\"font-size:16px\">当办公楼出现横梁裸露出来的情况时候，如果不幸被安排在横梁压顶下面，长此以往，会让人产生工作上的压力，受到上司的责难，容易遭到小人的中伤，颈椎疼痛，运气阻滞。如有栋梁，员工必定待不住，要化煞。</span></p><h2><span style=\"font-size: medium;\">3</span><span style=\"font-size: medium;\">、办公室窗口高度不宜过高</span></h2><p><span style=\"font-size:16px\">办公室窗口的高度对于风水布局也很重要。若办公室的后窗子又小又高，离地面足有两米，室内财位暗淡无光，这样的办公室窗口太高是官司牢房象，因为牢房窗子都很高，像这种情况当然是搬出此房办公为上策。</span></p><h2><span style=\"font-size: medium;\">4</span><span style=\"font-size: medium;\">、座位后面宜有靠墙或柜</span></h2><p><span style=\"font-size:16px\">座位的后方最好是固定、不动的东西；如果背后有人走动，容易让人精神不集中，无形中把一部分注意力转到后脑，长久下来会消耗掉能量，影响工作效率和健康。</span></p><h2><span style=\"font-size: medium;\">5</span><span style=\"font-size: medium;\">、办公室正前方不宜有冲煞</span></h2><p><span style=\"font-size:16px\">办公室正前方不宜逢各种冲煞：路冲煞、电杆煞、大树煞、尖角煞等。否则单位内的员工或主管不但容易诸事不顺，疾病不断。甚而人事异动频繁，向心力不足，留不住员工。</span></p><h2><span style=\"font-size: medium;\">6</span><span style=\"font-size: medium;\">、办公室的周遭不宜有桥煞</span></h2><p><span style=\"font-size:16px\">办公室的附近不宜有太高的建筑物，否则不但会带来压迫感，甚至会破坏办公室的事业稳定，产生时好时坏的运势，颠覆原来风水气局本该拥有的优点，甚至使员工伦理情感丧失，翻脸不认人。</span></p><h2><span style=\"font-size: medium;\">7</span><span style=\"font-size: medium;\">、头顶上有横梁或者光线较暗</span></h2><p><span style=\"font-size:16px\">办公室的光线要明亮充足。在风水学中，办公室的光线过于昏暗，会导致办公室的人际关系受到影响，而且付出与回报不成正比，即使多么努力都没有大作为。因此，办公室的光线一定要明亮充足。座位上要光线充足，如果光线太弱，会造成太阳能不足、地磁能过多的“阴气重”现象，久了会让人怠惰消极，也比较容易悲观。</span></p><h2><span style=\"font-size: medium;\">8</span><span style=\"font-size: medium;\">、办公室不宜太大太小</span></h2><p><span style=\"font-size:16px\">如面积过大则显得空旷，不聚气。办公室过小，则显得手脚活动不便利，生意上发展受阻;桌子靠在窗口，旺气被吸散，影响老板的思维，经营失策遭人算计破财，财位被损，财上必破。</span></p><h2><span style=\"font-size: medium;\">9</span><span style=\"font-size: medium;\">、办公室不宜开过多的偏门</span></h2><p><span style=\"font-size:16px\">办公室不宜开过多的偏门。因为，在风水学中，办公室开太多的偏门，会使办公室人气涣散，奋斗的斗志消失，使办公室财气不聚，或财进财出，无法凝聚出该有的成果与目标，因此，办公室不宜开过多的偏门。</span></p><h2><span style=\"font-size: medium;\">10</span><span style=\"font-size: medium;\">、办公室不宜通路闭塞</span></h2><p><span style=\"font-size:16px\">办公室的通路正如同人的血脉一般，宜通畅无碍。办公室通路闭塞，阻碍了整个通道，如此往往为员工带来运势窘困，行事费力而无绩效等种种毛病，严重影响事业的发展。</span></p><h2><span style=\"font-size: medium;\">11</span><span style=\"font-size: medium;\">、窗不宜开太多和位置问题</span></h2><p><span style=\"font-size:16px\">办公室，看是否窗户开得太多，或是前后门对冲。如是必定员工待不住。要摆放几盆大的绿叶子植物化掉！一些办公室做的隔断，员工背后开窗，或是左右面开窗。这些都会造成员工待不住的现象。办公室太少，也易让员工感觉到压抑！</span></p></div>', '/cn/news/asdas.jpg', '9', '行业新闻', '1', '1', '1500710806');
INSERT INTO `news` VALUES ('2', '公司留不住人？ 或许是办公室风水太差', '好的办公室风水无论是对员工还是对整个企业发展来说都有着至关重要的作用。风水学不是迷信，而是一种人居科学，企业经营者掌握办公室风水禁忌对事业的发展百利而无一害。', '<div class=\"article-box\"><p><span style=\"font-size:16px\">很多公司的人员流动性高，有可能是公司的风水不佳留不住人。好的<a href=\"http://www.haozu.com\" target=\"_blank\">办公室</a>风水无论是对员工还是对整个企业发展来说都有着至关重要的作用。风水学不是迷信，而是一种人居科学，企业经营者掌握办公室风水禁忌对事业的发展百利而无一害。</span></p><p style=\"text-align: center;\"><span style=\"font-size:16px\"><a href=\"http://www.haozu.com\" target=\"_blank\"><img src=\"http://fang-oss.haozu.com/hzfs41/BC/GH/J5/f22a1d795e185183e27d489d814093b8.jpg@600w_377h_90Q%7Cwatermark=1&amp;object=aGFvenUucG5n&amp;t=90\" _src=\"http://fang-oss.haozu.com/hzfs41/BC/GH/J5/f22a1d795e185183e27d489d814093b8.jpg@600w_377h_90Q%7Cwatermark=1&amp;object=aGFvenUucG5n&amp;t=90\" title=\"b_381909416\"></a></span></p><h2><span style=\"font-size: medium;\">1</span><span style=\"font-size: medium;\">、办公室明堂不宜窄小局限</span></h2><p><span style=\"font-size:16px\">办公室明堂宜宽大；从静宫八卦的角度而言，办公室正前方的明堂位，正属于离位，离卦在八卦中乃事业的象征。因此明堂，亦即办公室正前方的位置，可说直接指涉这个单位的前程吉凶。所以如果办公室的明堂狭窄闭塞，势必象征此单位前途有限，阻碍众多，开发艰难。反之，如果办公室的内外明堂均开阔清幽，则意指这家公司前途似锦，业务顺利而成功。</span></p><h2><span style=\"font-size: medium;\">2</span><span style=\"font-size: medium;\">、公司的横梁忌裸露</span></h2><p><span style=\"font-size:16px\">当办公楼出现横梁裸露出来的情况时候，如果不幸被安排在横梁压顶下面，长此以往，会让人产生工作上的压力，受到上司的责难，容易遭到小人的中伤，颈椎疼痛，运气阻滞。如有栋梁，员工必定待不住，要化煞。</span></p><h2><span style=\"font-size: medium;\">3</span><span style=\"font-size: medium;\">、办公室窗口高度不宜过高</span></h2><p><span style=\"font-size:16px\">办公室窗口的高度对于风水布局也很重要。若办公室的后窗子又小又高，离地面足有两米，室内财位暗淡无光，这样的办公室窗口太高是官司牢房象，因为牢房窗子都很高，像这种情况当然是搬出此房办公为上策。</span></p><h2><span style=\"font-size: medium;\">4</span><span style=\"font-size: medium;\">、座位后面宜有靠墙或柜</span></h2><p><span style=\"font-size:16px\">座位的后方最好是固定、不动的东西；如果背后有人走动，容易让人精神不集中，无形中把一部分注意力转到后脑，长久下来会消耗掉能量，影响工作效率和健康。</span></p><h2><span style=\"font-size: medium;\">5</span><span style=\"font-size: medium;\">、办公室正前方不宜有冲煞</span></h2><p><span style=\"font-size:16px\">办公室正前方不宜逢各种冲煞：路冲煞、电杆煞、大树煞、尖角煞等。否则单位内的员工或主管不但容易诸事不顺，疾病不断。甚而人事异动频繁，向心力不足，留不住员工。</span></p><h2><span style=\"font-size: medium;\">6</span><span style=\"font-size: medium;\">、办公室的周遭不宜有桥煞</span></h2><p><span style=\"font-size:16px\">办公室的附近不宜有太高的建筑物，否则不但会带来压迫感，甚至会破坏办公室的事业稳定，产生时好时坏的运势，颠覆原来风水气局本该拥有的优点，甚至使员工伦理情感丧失，翻脸不认人。</span></p><h2><span style=\"font-size: medium;\">7</span><span style=\"font-size: medium;\">、头顶上有横梁或者光线较暗</span></h2><p><span style=\"font-size:16px\">办公室的光线要明亮充足。在风水学中，办公室的光线过于昏暗，会导致办公室的人际关系受到影响，而且付出与回报不成正比，即使多么努力都没有大作为。因此，办公室的光线一定要明亮充足。座位上要光线充足，如果光线太弱，会造成太阳能不足、地磁能过多的“阴气重”现象，久了会让人怠惰消极，也比较容易悲观。</span></p><h2><span style=\"font-size: medium;\">8</span><span style=\"font-size: medium;\">、办公室不宜太大太小</span></h2><p><span style=\"font-size:16px\">如面积过大则显得空旷，不聚气。办公室过小，则显得手脚活动不便利，生意上发展受阻;桌子靠在窗口，旺气被吸散，影响老板的思维，经营失策遭人算计破财，财位被损，财上必破。</span></p><h2><span style=\"font-size: medium;\">9</span><span style=\"font-size: medium;\">、办公室不宜开过多的偏门</span></h2><p><span style=\"font-size:16px\">办公室不宜开过多的偏门。因为，在风水学中，办公室开太多的偏门，会使办公室人气涣散，奋斗的斗志消失，使办公室财气不聚，或财进财出，无法凝聚出该有的成果与目标，因此，办公室不宜开过多的偏门。</span></p><h2><span style=\"font-size: medium;\">10</span><span style=\"font-size: medium;\">、办公室不宜通路闭塞</span></h2><p><span style=\"font-size:16px\">办公室的通路正如同人的血脉一般，宜通畅无碍。办公室通路闭塞，阻碍了整个通道，如此往往为员工带来运势窘困，行事费力而无绩效等种种毛病，严重影响事业的发展。</span></p><h2><span style=\"font-size: medium;\">11</span><span style=\"font-size: medium;\">、窗不宜开太多和位置问题</span></h2><p><span style=\"font-size:16px\">办公室，看是否窗户开得太多，或是前后门对冲。如是必定员工待不住。要摆放几盆大的绿叶子植物化掉！一些办公室做的隔断，员工背后开窗，或是左右面开窗。这些都会造成员工待不住的现象。办公室太少，也易让员工感觉到压抑！</span></p></div>', '/cn/news/asdas.jpg', '9', '行业新闻', '1', '1', '1500710806');
INSERT INTO `news` VALUES ('3', '公司留不住人？ 或许是办公室风水太差', '好的办公室风水无论是对员工还是对整个企业发展来说都有着至关重要的作用。风水学不是迷信，而是一种人居科学，企业经营者掌握办公室风水禁忌对事业的发展百利而无一害。', '<div class=\"article-box\"><p><span style=\"font-size:16px\">很多公司的人员流动性高，有可能是公司的风水不佳留不住人。好的<a href=\"http://www.haozu.com\" target=\"_blank\">办公室</a>风水无论是对员工还是对整个企业发展来说都有着至关重要的作用。风水学不是迷信，而是一种人居科学，企业经营者掌握办公室风水禁忌对事业的发展百利而无一害。</span></p><p style=\"text-align: center;\"><span style=\"font-size:16px\"><a href=\"http://www.haozu.com\" target=\"_blank\"><img src=\"http://fang-oss.haozu.com/hzfs41/BC/GH/J5/f22a1d795e185183e27d489d814093b8.jpg@600w_377h_90Q%7Cwatermark=1&amp;object=aGFvenUucG5n&amp;t=90\" _src=\"http://fang-oss.haozu.com/hzfs41/BC/GH/J5/f22a1d795e185183e27d489d814093b8.jpg@600w_377h_90Q%7Cwatermark=1&amp;object=aGFvenUucG5n&amp;t=90\" title=\"b_381909416\"></a></span></p><h2><span style=\"font-size: medium;\">1</span><span style=\"font-size: medium;\">、办公室明堂不宜窄小局限</span></h2><p><span style=\"font-size:16px\">办公室明堂宜宽大；从静宫八卦的角度而言，办公室正前方的明堂位，正属于离位，离卦在八卦中乃事业的象征。因此明堂，亦即办公室正前方的位置，可说直接指涉这个单位的前程吉凶。所以如果办公室的明堂狭窄闭塞，势必象征此单位前途有限，阻碍众多，开发艰难。反之，如果办公室的内外明堂均开阔清幽，则意指这家公司前途似锦，业务顺利而成功。</span></p><h2><span style=\"font-size: medium;\">2</span><span style=\"font-size: medium;\">、公司的横梁忌裸露</span></h2><p><span style=\"font-size:16px\">当办公楼出现横梁裸露出来的情况时候，如果不幸被安排在横梁压顶下面，长此以往，会让人产生工作上的压力，受到上司的责难，容易遭到小人的中伤，颈椎疼痛，运气阻滞。如有栋梁，员工必定待不住，要化煞。</span></p><h2><span style=\"font-size: medium;\">3</span><span style=\"font-size: medium;\">、办公室窗口高度不宜过高</span></h2><p><span style=\"font-size:16px\">办公室窗口的高度对于风水布局也很重要。若办公室的后窗子又小又高，离地面足有两米，室内财位暗淡无光，这样的办公室窗口太高是官司牢房象，因为牢房窗子都很高，像这种情况当然是搬出此房办公为上策。</span></p><h2><span style=\"font-size: medium;\">4</span><span style=\"font-size: medium;\">、座位后面宜有靠墙或柜</span></h2><p><span style=\"font-size:16px\">座位的后方最好是固定、不动的东西；如果背后有人走动，容易让人精神不集中，无形中把一部分注意力转到后脑，长久下来会消耗掉能量，影响工作效率和健康。</span></p><h2><span style=\"font-size: medium;\">5</span><span style=\"font-size: medium;\">、办公室正前方不宜有冲煞</span></h2><p><span style=\"font-size:16px\">办公室正前方不宜逢各种冲煞：路冲煞、电杆煞、大树煞、尖角煞等。否则单位内的员工或主管不但容易诸事不顺，疾病不断。甚而人事异动频繁，向心力不足，留不住员工。</span></p><h2><span style=\"font-size: medium;\">6</span><span style=\"font-size: medium;\">、办公室的周遭不宜有桥煞</span></h2><p><span style=\"font-size:16px\">办公室的附近不宜有太高的建筑物，否则不但会带来压迫感，甚至会破坏办公室的事业稳定，产生时好时坏的运势，颠覆原来风水气局本该拥有的优点，甚至使员工伦理情感丧失，翻脸不认人。</span></p><h2><span style=\"font-size: medium;\">7</span><span style=\"font-size: medium;\">、头顶上有横梁或者光线较暗</span></h2><p><span style=\"font-size:16px\">办公室的光线要明亮充足。在风水学中，办公室的光线过于昏暗，会导致办公室的人际关系受到影响，而且付出与回报不成正比，即使多么努力都没有大作为。因此，办公室的光线一定要明亮充足。座位上要光线充足，如果光线太弱，会造成太阳能不足、地磁能过多的“阴气重”现象，久了会让人怠惰消极，也比较容易悲观。</span></p><h2><span style=\"font-size: medium;\">8</span><span style=\"font-size: medium;\">、办公室不宜太大太小</span></h2><p><span style=\"font-size:16px\">如面积过大则显得空旷，不聚气。办公室过小，则显得手脚活动不便利，生意上发展受阻;桌子靠在窗口，旺气被吸散，影响老板的思维，经营失策遭人算计破财，财位被损，财上必破。</span></p><h2><span style=\"font-size: medium;\">9</span><span style=\"font-size: medium;\">、办公室不宜开过多的偏门</span></h2><p><span style=\"font-size:16px\">办公室不宜开过多的偏门。因为，在风水学中，办公室开太多的偏门，会使办公室人气涣散，奋斗的斗志消失，使办公室财气不聚，或财进财出，无法凝聚出该有的成果与目标，因此，办公室不宜开过多的偏门。</span></p><h2><span style=\"font-size: medium;\">10</span><span style=\"font-size: medium;\">、办公室不宜通路闭塞</span></h2><p><span style=\"font-size:16px\">办公室的通路正如同人的血脉一般，宜通畅无碍。办公室通路闭塞，阻碍了整个通道，如此往往为员工带来运势窘困，行事费力而无绩效等种种毛病，严重影响事业的发展。</span></p><h2><span style=\"font-size: medium;\">11</span><span style=\"font-size: medium;\">、窗不宜开太多和位置问题</span></h2><p><span style=\"font-size:16px\">办公室，看是否窗户开得太多，或是前后门对冲。如是必定员工待不住。要摆放几盆大的绿叶子植物化掉！一些办公室做的隔断，员工背后开窗，或是左右面开窗。这些都会造成员工待不住的现象。办公室太少，也易让员工感觉到压抑！</span></p></div>', '/cn/news/asdas.jpg', '9', '行业新闻', '1', '1', '1500710806');
INSERT INTO `news` VALUES ('4', '公司留不住人？ 或许是办公室风水太差', '好的办公室风水无论是对员工还是对整个企业发展来说都有着至关重要的作用。风水学不是迷信，而是一种人居科学，企业经营者掌握办公室风水禁忌对事业的发展百利而无一害。', '<div class=\"article-box\"><p><span style=\"font-size:16px\">很多公司的人员流动性高，有可能是公司的风水不佳留不住人。好的<a href=\"http://www.haozu.com\" target=\"_blank\">办公室</a>风水无论是对员工还是对整个企业发展来说都有着至关重要的作用。风水学不是迷信，而是一种人居科学，企业经营者掌握办公室风水禁忌对事业的发展百利而无一害。</span></p><p style=\"text-align: center;\"><span style=\"font-size:16px\"><a href=\"http://www.haozu.com\" target=\"_blank\"><img src=\"http://fang-oss.haozu.com/hzfs41/BC/GH/J5/f22a1d795e185183e27d489d814093b8.jpg@600w_377h_90Q%7Cwatermark=1&amp;object=aGFvenUucG5n&amp;t=90\" _src=\"http://fang-oss.haozu.com/hzfs41/BC/GH/J5/f22a1d795e185183e27d489d814093b8.jpg@600w_377h_90Q%7Cwatermark=1&amp;object=aGFvenUucG5n&amp;t=90\" title=\"b_381909416\"></a></span></p><h2><span style=\"font-size: medium;\">1</span><span style=\"font-size: medium;\">、办公室明堂不宜窄小局限</span></h2><p><span style=\"font-size:16px\">办公室明堂宜宽大；从静宫八卦的角度而言，办公室正前方的明堂位，正属于离位，离卦在八卦中乃事业的象征。因此明堂，亦即办公室正前方的位置，可说直接指涉这个单位的前程吉凶。所以如果办公室的明堂狭窄闭塞，势必象征此单位前途有限，阻碍众多，开发艰难。反之，如果办公室的内外明堂均开阔清幽，则意指这家公司前途似锦，业务顺利而成功。</span></p><h2><span style=\"font-size: medium;\">2</span><span style=\"font-size: medium;\">、公司的横梁忌裸露</span></h2><p><span style=\"font-size:16px\">当办公楼出现横梁裸露出来的情况时候，如果不幸被安排在横梁压顶下面，长此以往，会让人产生工作上的压力，受到上司的责难，容易遭到小人的中伤，颈椎疼痛，运气阻滞。如有栋梁，员工必定待不住，要化煞。</span></p><h2><span style=\"font-size: medium;\">3</span><span style=\"font-size: medium;\">、办公室窗口高度不宜过高</span></h2><p><span style=\"font-size:16px\">办公室窗口的高度对于风水布局也很重要。若办公室的后窗子又小又高，离地面足有两米，室内财位暗淡无光，这样的办公室窗口太高是官司牢房象，因为牢房窗子都很高，像这种情况当然是搬出此房办公为上策。</span></p><h2><span style=\"font-size: medium;\">4</span><span style=\"font-size: medium;\">、座位后面宜有靠墙或柜</span></h2><p><span style=\"font-size:16px\">座位的后方最好是固定、不动的东西；如果背后有人走动，容易让人精神不集中，无形中把一部分注意力转到后脑，长久下来会消耗掉能量，影响工作效率和健康。</span></p><h2><span style=\"font-size: medium;\">5</span><span style=\"font-size: medium;\">、办公室正前方不宜有冲煞</span></h2><p><span style=\"font-size:16px\">办公室正前方不宜逢各种冲煞：路冲煞、电杆煞、大树煞、尖角煞等。否则单位内的员工或主管不但容易诸事不顺，疾病不断。甚而人事异动频繁，向心力不足，留不住员工。</span></p><h2><span style=\"font-size: medium;\">6</span><span style=\"font-size: medium;\">、办公室的周遭不宜有桥煞</span></h2><p><span style=\"font-size:16px\">办公室的附近不宜有太高的建筑物，否则不但会带来压迫感，甚至会破坏办公室的事业稳定，产生时好时坏的运势，颠覆原来风水气局本该拥有的优点，甚至使员工伦理情感丧失，翻脸不认人。</span></p><h2><span style=\"font-size: medium;\">7</span><span style=\"font-size: medium;\">、头顶上有横梁或者光线较暗</span></h2><p><span style=\"font-size:16px\">办公室的光线要明亮充足。在风水学中，办公室的光线过于昏暗，会导致办公室的人际关系受到影响，而且付出与回报不成正比，即使多么努力都没有大作为。因此，办公室的光线一定要明亮充足。座位上要光线充足，如果光线太弱，会造成太阳能不足、地磁能过多的“阴气重”现象，久了会让人怠惰消极，也比较容易悲观。</span></p><h2><span style=\"font-size: medium;\">8</span><span style=\"font-size: medium;\">、办公室不宜太大太小</span></h2><p><span style=\"font-size:16px\">如面积过大则显得空旷，不聚气。办公室过小，则显得手脚活动不便利，生意上发展受阻;桌子靠在窗口，旺气被吸散，影响老板的思维，经营失策遭人算计破财，财位被损，财上必破。</span></p><h2><span style=\"font-size: medium;\">9</span><span style=\"font-size: medium;\">、办公室不宜开过多的偏门</span></h2><p><span style=\"font-size:16px\">办公室不宜开过多的偏门。因为，在风水学中，办公室开太多的偏门，会使办公室人气涣散，奋斗的斗志消失，使办公室财气不聚，或财进财出，无法凝聚出该有的成果与目标，因此，办公室不宜开过多的偏门。</span></p><h2><span style=\"font-size: medium;\">10</span><span style=\"font-size: medium;\">、办公室不宜通路闭塞</span></h2><p><span style=\"font-size:16px\">办公室的通路正如同人的血脉一般，宜通畅无碍。办公室通路闭塞，阻碍了整个通道，如此往往为员工带来运势窘困，行事费力而无绩效等种种毛病，严重影响事业的发展。</span></p><h2><span style=\"font-size: medium;\">11</span><span style=\"font-size: medium;\">、窗不宜开太多和位置问题</span></h2><p><span style=\"font-size:16px\">办公室，看是否窗户开得太多，或是前后门对冲。如是必定员工待不住。要摆放几盆大的绿叶子植物化掉！一些办公室做的隔断，员工背后开窗，或是左右面开窗。这些都会造成员工待不住的现象。办公室太少，也易让员工感觉到压抑！</span></p></div>', '/cn/news/asdas.jpg', '9', '行业新闻', '1', '1', '1500710806');
INSERT INTO `news` VALUES ('5', '公司留不住人？ 或许是办公室风水太差', '好的办公室风水无论是对员工还是对整个企业发展来说都有着至关重要的作用。风水学不是迷信，而是一种人居科学，企业经营者掌握办公室风水禁忌对事业的发展百利而无一害。', '<div class=\"article-box\"><p><span style=\"font-size:16px\">很多公司的人员流动性高，有可能是公司的风水不佳留不住人。好的<a href=\"http://www.haozu.com\" target=\"_blank\">办公室</a>风水无论是对员工还是对整个企业发展来说都有着至关重要的作用。风水学不是迷信，而是一种人居科学，企业经营者掌握办公室风水禁忌对事业的发展百利而无一害。</span></p><p style=\"text-align: center;\"><span style=\"font-size:16px\"><a href=\"http://www.haozu.com\" target=\"_blank\"><img src=\"http://fang-oss.haozu.com/hzfs41/BC/GH/J5/f22a1d795e185183e27d489d814093b8.jpg@600w_377h_90Q%7Cwatermark=1&amp;object=aGFvenUucG5n&amp;t=90\" _src=\"http://fang-oss.haozu.com/hzfs41/BC/GH/J5/f22a1d795e185183e27d489d814093b8.jpg@600w_377h_90Q%7Cwatermark=1&amp;object=aGFvenUucG5n&amp;t=90\" title=\"b_381909416\"></a></span></p><h2><span style=\"font-size: medium;\">1</span><span style=\"font-size: medium;\">、办公室明堂不宜窄小局限</span></h2><p><span style=\"font-size:16px\">办公室明堂宜宽大；从静宫八卦的角度而言，办公室正前方的明堂位，正属于离位，离卦在八卦中乃事业的象征。因此明堂，亦即办公室正前方的位置，可说直接指涉这个单位的前程吉凶。所以如果办公室的明堂狭窄闭塞，势必象征此单位前途有限，阻碍众多，开发艰难。反之，如果办公室的内外明堂均开阔清幽，则意指这家公司前途似锦，业务顺利而成功。</span></p><h2><span style=\"font-size: medium;\">2</span><span style=\"font-size: medium;\">、公司的横梁忌裸露</span></h2><p><span style=\"font-size:16px\">当办公楼出现横梁裸露出来的情况时候，如果不幸被安排在横梁压顶下面，长此以往，会让人产生工作上的压力，受到上司的责难，容易遭到小人的中伤，颈椎疼痛，运气阻滞。如有栋梁，员工必定待不住，要化煞。</span></p><h2><span style=\"font-size: medium;\">3</span><span style=\"font-size: medium;\">、办公室窗口高度不宜过高</span></h2><p><span style=\"font-size:16px\">办公室窗口的高度对于风水布局也很重要。若办公室的后窗子又小又高，离地面足有两米，室内财位暗淡无光，这样的办公室窗口太高是官司牢房象，因为牢房窗子都很高，像这种情况当然是搬出此房办公为上策。</span></p><h2><span style=\"font-size: medium;\">4</span><span style=\"font-size: medium;\">、座位后面宜有靠墙或柜</span></h2><p><span style=\"font-size:16px\">座位的后方最好是固定、不动的东西；如果背后有人走动，容易让人精神不集中，无形中把一部分注意力转到后脑，长久下来会消耗掉能量，影响工作效率和健康。</span></p><h2><span style=\"font-size: medium;\">5</span><span style=\"font-size: medium;\">、办公室正前方不宜有冲煞</span></h2><p><span style=\"font-size:16px\">办公室正前方不宜逢各种冲煞：路冲煞、电杆煞、大树煞、尖角煞等。否则单位内的员工或主管不但容易诸事不顺，疾病不断。甚而人事异动频繁，向心力不足，留不住员工。</span></p><h2><span style=\"font-size: medium;\">6</span><span style=\"font-size: medium;\">、办公室的周遭不宜有桥煞</span></h2><p><span style=\"font-size:16px\">办公室的附近不宜有太高的建筑物，否则不但会带来压迫感，甚至会破坏办公室的事业稳定，产生时好时坏的运势，颠覆原来风水气局本该拥有的优点，甚至使员工伦理情感丧失，翻脸不认人。</span></p><h2><span style=\"font-size: medium;\">7</span><span style=\"font-size: medium;\">、头顶上有横梁或者光线较暗</span></h2><p><span style=\"font-size:16px\">办公室的光线要明亮充足。在风水学中，办公室的光线过于昏暗，会导致办公室的人际关系受到影响，而且付出与回报不成正比，即使多么努力都没有大作为。因此，办公室的光线一定要明亮充足。座位上要光线充足，如果光线太弱，会造成太阳能不足、地磁能过多的“阴气重”现象，久了会让人怠惰消极，也比较容易悲观。</span></p><h2><span style=\"font-size: medium;\">8</span><span style=\"font-size: medium;\">、办公室不宜太大太小</span></h2><p><span style=\"font-size:16px\">如面积过大则显得空旷，不聚气。办公室过小，则显得手脚活动不便利，生意上发展受阻;桌子靠在窗口，旺气被吸散，影响老板的思维，经营失策遭人算计破财，财位被损，财上必破。</span></p><h2><span style=\"font-size: medium;\">9</span><span style=\"font-size: medium;\">、办公室不宜开过多的偏门</span></h2><p><span style=\"font-size:16px\">办公室不宜开过多的偏门。因为，在风水学中，办公室开太多的偏门，会使办公室人气涣散，奋斗的斗志消失，使办公室财气不聚，或财进财出，无法凝聚出该有的成果与目标，因此，办公室不宜开过多的偏门。</span></p><h2><span style=\"font-size: medium;\">10</span><span style=\"font-size: medium;\">、办公室不宜通路闭塞</span></h2><p><span style=\"font-size:16px\">办公室的通路正如同人的血脉一般，宜通畅无碍。办公室通路闭塞，阻碍了整个通道，如此往往为员工带来运势窘困，行事费力而无绩效等种种毛病，严重影响事业的发展。</span></p><h2><span style=\"font-size: medium;\">11</span><span style=\"font-size: medium;\">、窗不宜开太多和位置问题</span></h2><p><span style=\"font-size:16px\">办公室，看是否窗户开得太多，或是前后门对冲。如是必定员工待不住。要摆放几盆大的绿叶子植物化掉！一些办公室做的隔断，员工背后开窗，或是左右面开窗。这些都会造成员工待不住的现象。办公室太少，也易让员工感觉到压抑！</span></p></div>', '/cn/news/asdas.jpg', '9', '行业新闻', '1', '1', '1500710806');
INSERT INTO `news` VALUES ('6', '公司留不住人？ 或许是办公室风水太差', '好的办公室风水无论是对员工还是对整个企业发展来说都有着至关重要的作用。风水学不是迷信，而是一种人居科学，企业经营者掌握办公室风水禁忌对事业的发展百利而无一害。', '<div class=\"article-box\"><p><span style=\"font-size:16px\">很多公司的人员流动性高，有可能是公司的风水不佳留不住人。好的<a href=\"http://www.haozu.com\" target=\"_blank\">办公室</a>风水无论是对员工还是对整个企业发展来说都有着至关重要的作用。风水学不是迷信，而是一种人居科学，企业经营者掌握办公室风水禁忌对事业的发展百利而无一害。</span></p><p style=\"text-align: center;\"><span style=\"font-size:16px\"><a href=\"http://www.haozu.com\" target=\"_blank\"><img src=\"http://fang-oss.haozu.com/hzfs41/BC/GH/J5/f22a1d795e185183e27d489d814093b8.jpg@600w_377h_90Q%7Cwatermark=1&amp;object=aGFvenUucG5n&amp;t=90\" _src=\"http://fang-oss.haozu.com/hzfs41/BC/GH/J5/f22a1d795e185183e27d489d814093b8.jpg@600w_377h_90Q%7Cwatermark=1&amp;object=aGFvenUucG5n&amp;t=90\" title=\"b_381909416\"></a></span></p><h2><span style=\"font-size: medium;\">1</span><span style=\"font-size: medium;\">、办公室明堂不宜窄小局限</span></h2><p><span style=\"font-size:16px\">办公室明堂宜宽大；从静宫八卦的角度而言，办公室正前方的明堂位，正属于离位，离卦在八卦中乃事业的象征。因此明堂，亦即办公室正前方的位置，可说直接指涉这个单位的前程吉凶。所以如果办公室的明堂狭窄闭塞，势必象征此单位前途有限，阻碍众多，开发艰难。反之，如果办公室的内外明堂均开阔清幽，则意指这家公司前途似锦，业务顺利而成功。</span></p><h2><span style=\"font-size: medium;\">2</span><span style=\"font-size: medium;\">、公司的横梁忌裸露</span></h2><p><span style=\"font-size:16px\">当办公楼出现横梁裸露出来的情况时候，如果不幸被安排在横梁压顶下面，长此以往，会让人产生工作上的压力，受到上司的责难，容易遭到小人的中伤，颈椎疼痛，运气阻滞。如有栋梁，员工必定待不住，要化煞。</span></p><h2><span style=\"font-size: medium;\">3</span><span style=\"font-size: medium;\">、办公室窗口高度不宜过高</span></h2><p><span style=\"font-size:16px\">办公室窗口的高度对于风水布局也很重要。若办公室的后窗子又小又高，离地面足有两米，室内财位暗淡无光，这样的办公室窗口太高是官司牢房象，因为牢房窗子都很高，像这种情况当然是搬出此房办公为上策。</span></p><h2><span style=\"font-size: medium;\">4</span><span style=\"font-size: medium;\">、座位后面宜有靠墙或柜</span></h2><p><span style=\"font-size:16px\">座位的后方最好是固定、不动的东西；如果背后有人走动，容易让人精神不集中，无形中把一部分注意力转到后脑，长久下来会消耗掉能量，影响工作效率和健康。</span></p><h2><span style=\"font-size: medium;\">5</span><span style=\"font-size: medium;\">、办公室正前方不宜有冲煞</span></h2><p><span style=\"font-size:16px\">办公室正前方不宜逢各种冲煞：路冲煞、电杆煞、大树煞、尖角煞等。否则单位内的员工或主管不但容易诸事不顺，疾病不断。甚而人事异动频繁，向心力不足，留不住员工。</span></p><h2><span style=\"font-size: medium;\">6</span><span style=\"font-size: medium;\">、办公室的周遭不宜有桥煞</span></h2><p><span style=\"font-size:16px\">办公室的附近不宜有太高的建筑物，否则不但会带来压迫感，甚至会破坏办公室的事业稳定，产生时好时坏的运势，颠覆原来风水气局本该拥有的优点，甚至使员工伦理情感丧失，翻脸不认人。</span></p><h2><span style=\"font-size: medium;\">7</span><span style=\"font-size: medium;\">、头顶上有横梁或者光线较暗</span></h2><p><span style=\"font-size:16px\">办公室的光线要明亮充足。在风水学中，办公室的光线过于昏暗，会导致办公室的人际关系受到影响，而且付出与回报不成正比，即使多么努力都没有大作为。因此，办公室的光线一定要明亮充足。座位上要光线充足，如果光线太弱，会造成太阳能不足、地磁能过多的“阴气重”现象，久了会让人怠惰消极，也比较容易悲观。</span></p><h2><span style=\"font-size: medium;\">8</span><span style=\"font-size: medium;\">、办公室不宜太大太小</span></h2><p><span style=\"font-size:16px\">如面积过大则显得空旷，不聚气。办公室过小，则显得手脚活动不便利，生意上发展受阻;桌子靠在窗口，旺气被吸散，影响老板的思维，经营失策遭人算计破财，财位被损，财上必破。</span></p><h2><span style=\"font-size: medium;\">9</span><span style=\"font-size: medium;\">、办公室不宜开过多的偏门</span></h2><p><span style=\"font-size:16px\">办公室不宜开过多的偏门。因为，在风水学中，办公室开太多的偏门，会使办公室人气涣散，奋斗的斗志消失，使办公室财气不聚，或财进财出，无法凝聚出该有的成果与目标，因此，办公室不宜开过多的偏门。</span></p><h2><span style=\"font-size: medium;\">10</span><span style=\"font-size: medium;\">、办公室不宜通路闭塞</span></h2><p><span style=\"font-size:16px\">办公室的通路正如同人的血脉一般，宜通畅无碍。办公室通路闭塞，阻碍了整个通道，如此往往为员工带来运势窘困，行事费力而无绩效等种种毛病，严重影响事业的发展。</span></p><h2><span style=\"font-size: medium;\">11</span><span style=\"font-size: medium;\">、窗不宜开太多和位置问题</span></h2><p><span style=\"font-size:16px\">办公室，看是否窗户开得太多，或是前后门对冲。如是必定员工待不住。要摆放几盆大的绿叶子植物化掉！一些办公室做的隔断，员工背后开窗，或是左右面开窗。这些都会造成员工待不住的现象。办公室太少，也易让员工感觉到压抑！</span></p></div>', '/cn/news/asdas.jpg', '9', '行业新闻', '1', '1', '1500710806');
INSERT INTO `news` VALUES ('7', '公司留不住人？ 或许是办公室风水太差', '好的办公室风水无论是对员工还是对整个企业发展来说都有着至关重要的作用。风水学不是迷信，而是一种人居科学，企业经营者掌握办公室风水禁忌对事业的发展百利而无一害。', '<div class=\"article-box\"><p><span style=\"font-size:16px\">很多公司的人员流动性高，有可能是公司的风水不佳留不住人。好的<a href=\"http://www.haozu.com\" target=\"_blank\">办公室</a>风水无论是对员工还是对整个企业发展来说都有着至关重要的作用。风水学不是迷信，而是一种人居科学，企业经营者掌握办公室风水禁忌对事业的发展百利而无一害。</span></p><p style=\"text-align: center;\"><span style=\"font-size:16px\"><a href=\"http://www.haozu.com\" target=\"_blank\"><img src=\"http://fang-oss.haozu.com/hzfs41/BC/GH/J5/f22a1d795e185183e27d489d814093b8.jpg@600w_377h_90Q%7Cwatermark=1&amp;object=aGFvenUucG5n&amp;t=90\" _src=\"http://fang-oss.haozu.com/hzfs41/BC/GH/J5/f22a1d795e185183e27d489d814093b8.jpg@600w_377h_90Q%7Cwatermark=1&amp;object=aGFvenUucG5n&amp;t=90\" title=\"b_381909416\"></a></span></p><h2><span style=\"font-size: medium;\">1</span><span style=\"font-size: medium;\">、办公室明堂不宜窄小局限</span></h2><p><span style=\"font-size:16px\">办公室明堂宜宽大；从静宫八卦的角度而言，办公室正前方的明堂位，正属于离位，离卦在八卦中乃事业的象征。因此明堂，亦即办公室正前方的位置，可说直接指涉这个单位的前程吉凶。所以如果办公室的明堂狭窄闭塞，势必象征此单位前途有限，阻碍众多，开发艰难。反之，如果办公室的内外明堂均开阔清幽，则意指这家公司前途似锦，业务顺利而成功。</span></p><h2><span style=\"font-size: medium;\">2</span><span style=\"font-size: medium;\">、公司的横梁忌裸露</span></h2><p><span style=\"font-size:16px\">当办公楼出现横梁裸露出来的情况时候，如果不幸被安排在横梁压顶下面，长此以往，会让人产生工作上的压力，受到上司的责难，容易遭到小人的中伤，颈椎疼痛，运气阻滞。如有栋梁，员工必定待不住，要化煞。</span></p><h2><span style=\"font-size: medium;\">3</span><span style=\"font-size: medium;\">、办公室窗口高度不宜过高</span></h2><p><span style=\"font-size:16px\">办公室窗口的高度对于风水布局也很重要。若办公室的后窗子又小又高，离地面足有两米，室内财位暗淡无光，这样的办公室窗口太高是官司牢房象，因为牢房窗子都很高，像这种情况当然是搬出此房办公为上策。</span></p><h2><span style=\"font-size: medium;\">4</span><span style=\"font-size: medium;\">、座位后面宜有靠墙或柜</span></h2><p><span style=\"font-size:16px\">座位的后方最好是固定、不动的东西；如果背后有人走动，容易让人精神不集中，无形中把一部分注意力转到后脑，长久下来会消耗掉能量，影响工作效率和健康。</span></p><h2><span style=\"font-size: medium;\">5</span><span style=\"font-size: medium;\">、办公室正前方不宜有冲煞</span></h2><p><span style=\"font-size:16px\">办公室正前方不宜逢各种冲煞：路冲煞、电杆煞、大树煞、尖角煞等。否则单位内的员工或主管不但容易诸事不顺，疾病不断。甚而人事异动频繁，向心力不足，留不住员工。</span></p><h2><span style=\"font-size: medium;\">6</span><span style=\"font-size: medium;\">、办公室的周遭不宜有桥煞</span></h2><p><span style=\"font-size:16px\">办公室的附近不宜有太高的建筑物，否则不但会带来压迫感，甚至会破坏办公室的事业稳定，产生时好时坏的运势，颠覆原来风水气局本该拥有的优点，甚至使员工伦理情感丧失，翻脸不认人。</span></p><h2><span style=\"font-size: medium;\">7</span><span style=\"font-size: medium;\">、头顶上有横梁或者光线较暗</span></h2><p><span style=\"font-size:16px\">办公室的光线要明亮充足。在风水学中，办公室的光线过于昏暗，会导致办公室的人际关系受到影响，而且付出与回报不成正比，即使多么努力都没有大作为。因此，办公室的光线一定要明亮充足。座位上要光线充足，如果光线太弱，会造成太阳能不足、地磁能过多的“阴气重”现象，久了会让人怠惰消极，也比较容易悲观。</span></p><h2><span style=\"font-size: medium;\">8</span><span style=\"font-size: medium;\">、办公室不宜太大太小</span></h2><p><span style=\"font-size:16px\">如面积过大则显得空旷，不聚气。办公室过小，则显得手脚活动不便利，生意上发展受阻;桌子靠在窗口，旺气被吸散，影响老板的思维，经营失策遭人算计破财，财位被损，财上必破。</span></p><h2><span style=\"font-size: medium;\">9</span><span style=\"font-size: medium;\">、办公室不宜开过多的偏门</span></h2><p><span style=\"font-size:16px\">办公室不宜开过多的偏门。因为，在风水学中，办公室开太多的偏门，会使办公室人气涣散，奋斗的斗志消失，使办公室财气不聚，或财进财出，无法凝聚出该有的成果与目标，因此，办公室不宜开过多的偏门。</span></p><h2><span style=\"font-size: medium;\">10</span><span style=\"font-size: medium;\">、办公室不宜通路闭塞</span></h2><p><span style=\"font-size:16px\">办公室的通路正如同人的血脉一般，宜通畅无碍。办公室通路闭塞，阻碍了整个通道，如此往往为员工带来运势窘困，行事费力而无绩效等种种毛病，严重影响事业的发展。</span></p><h2><span style=\"font-size: medium;\">11</span><span style=\"font-size: medium;\">、窗不宜开太多和位置问题</span></h2><p><span style=\"font-size:16px\">办公室，看是否窗户开得太多，或是前后门对冲。如是必定员工待不住。要摆放几盆大的绿叶子植物化掉！一些办公室做的隔断，员工背后开窗，或是左右面开窗。这些都会造成员工待不住的现象。办公室太少，也易让员工感觉到压抑！</span></p></div>', '/cn/news/asdas.jpg', '9', '行业新闻', '1', '1', '1500710806');
INSERT INTO `news` VALUES ('8', '公司留不住人？ 或许是办公室风水太差', '好的办公室风水无论是对员工还是对整个企业发展来说都有着至关重要的作用。风水学不是迷信，而是一种人居科学，企业经营者掌握办公室风水禁忌对事业的发展百利而无一害。', '<div class=\"article-box\"><p><span style=\"font-size:16px\">很多公司的人员流动性高，有可能是公司的风水不佳留不住人。好的<a href=\"http://www.haozu.com\" target=\"_blank\">办公室</a>风水无论是对员工还是对整个企业发展来说都有着至关重要的作用。风水学不是迷信，而是一种人居科学，企业经营者掌握办公室风水禁忌对事业的发展百利而无一害。</span></p><p style=\"text-align: center;\"><span style=\"font-size:16px\"><a href=\"http://www.haozu.com\" target=\"_blank\"><img src=\"http://fang-oss.haozu.com/hzfs41/BC/GH/J5/f22a1d795e185183e27d489d814093b8.jpg@600w_377h_90Q%7Cwatermark=1&amp;object=aGFvenUucG5n&amp;t=90\" _src=\"http://fang-oss.haozu.com/hzfs41/BC/GH/J5/f22a1d795e185183e27d489d814093b8.jpg@600w_377h_90Q%7Cwatermark=1&amp;object=aGFvenUucG5n&amp;t=90\" title=\"b_381909416\"></a></span></p><h2><span style=\"font-size: medium;\">1</span><span style=\"font-size: medium;\">、办公室明堂不宜窄小局限</span></h2><p><span style=\"font-size:16px\">办公室明堂宜宽大；从静宫八卦的角度而言，办公室正前方的明堂位，正属于离位，离卦在八卦中乃事业的象征。因此明堂，亦即办公室正前方的位置，可说直接指涉这个单位的前程吉凶。所以如果办公室的明堂狭窄闭塞，势必象征此单位前途有限，阻碍众多，开发艰难。反之，如果办公室的内外明堂均开阔清幽，则意指这家公司前途似锦，业务顺利而成功。</span></p><h2><span style=\"font-size: medium;\">2</span><span style=\"font-size: medium;\">、公司的横梁忌裸露</span></h2><p><span style=\"font-size:16px\">当办公楼出现横梁裸露出来的情况时候，如果不幸被安排在横梁压顶下面，长此以往，会让人产生工作上的压力，受到上司的责难，容易遭到小人的中伤，颈椎疼痛，运气阻滞。如有栋梁，员工必定待不住，要化煞。</span></p><h2><span style=\"font-size: medium;\">3</span><span style=\"font-size: medium;\">、办公室窗口高度不宜过高</span></h2><p><span style=\"font-size:16px\">办公室窗口的高度对于风水布局也很重要。若办公室的后窗子又小又高，离地面足有两米，室内财位暗淡无光，这样的办公室窗口太高是官司牢房象，因为牢房窗子都很高，像这种情况当然是搬出此房办公为上策。</span></p><h2><span style=\"font-size: medium;\">4</span><span style=\"font-size: medium;\">、座位后面宜有靠墙或柜</span></h2><p><span style=\"font-size:16px\">座位的后方最好是固定、不动的东西；如果背后有人走动，容易让人精神不集中，无形中把一部分注意力转到后脑，长久下来会消耗掉能量，影响工作效率和健康。</span></p><h2><span style=\"font-size: medium;\">5</span><span style=\"font-size: medium;\">、办公室正前方不宜有冲煞</span></h2><p><span style=\"font-size:16px\">办公室正前方不宜逢各种冲煞：路冲煞、电杆煞、大树煞、尖角煞等。否则单位内的员工或主管不但容易诸事不顺，疾病不断。甚而人事异动频繁，向心力不足，留不住员工。</span></p><h2><span style=\"font-size: medium;\">6</span><span style=\"font-size: medium;\">、办公室的周遭不宜有桥煞</span></h2><p><span style=\"font-size:16px\">办公室的附近不宜有太高的建筑物，否则不但会带来压迫感，甚至会破坏办公室的事业稳定，产生时好时坏的运势，颠覆原来风水气局本该拥有的优点，甚至使员工伦理情感丧失，翻脸不认人。</span></p><h2><span style=\"font-size: medium;\">7</span><span style=\"font-size: medium;\">、头顶上有横梁或者光线较暗</span></h2><p><span style=\"font-size:16px\">办公室的光线要明亮充足。在风水学中，办公室的光线过于昏暗，会导致办公室的人际关系受到影响，而且付出与回报不成正比，即使多么努力都没有大作为。因此，办公室的光线一定要明亮充足。座位上要光线充足，如果光线太弱，会造成太阳能不足、地磁能过多的“阴气重”现象，久了会让人怠惰消极，也比较容易悲观。</span></p><h2><span style=\"font-size: medium;\">8</span><span style=\"font-size: medium;\">、办公室不宜太大太小</span></h2><p><span style=\"font-size:16px\">如面积过大则显得空旷，不聚气。办公室过小，则显得手脚活动不便利，生意上发展受阻;桌子靠在窗口，旺气被吸散，影响老板的思维，经营失策遭人算计破财，财位被损，财上必破。</span></p><h2><span style=\"font-size: medium;\">9</span><span style=\"font-size: medium;\">、办公室不宜开过多的偏门</span></h2><p><span style=\"font-size:16px\">办公室不宜开过多的偏门。因为，在风水学中，办公室开太多的偏门，会使办公室人气涣散，奋斗的斗志消失，使办公室财气不聚，或财进财出，无法凝聚出该有的成果与目标，因此，办公室不宜开过多的偏门。</span></p><h2><span style=\"font-size: medium;\">10</span><span style=\"font-size: medium;\">、办公室不宜通路闭塞</span></h2><p><span style=\"font-size:16px\">办公室的通路正如同人的血脉一般，宜通畅无碍。办公室通路闭塞，阻碍了整个通道，如此往往为员工带来运势窘困，行事费力而无绩效等种种毛病，严重影响事业的发展。</span></p><h2><span style=\"font-size: medium;\">11</span><span style=\"font-size: medium;\">、窗不宜开太多和位置问题</span></h2><p><span style=\"font-size:16px\">办公室，看是否窗户开得太多，或是前后门对冲。如是必定员工待不住。要摆放几盆大的绿叶子植物化掉！一些办公室做的隔断，员工背后开窗，或是左右面开窗。这些都会造成员工待不住的现象。办公室太少，也易让员工感觉到压抑！</span></p></div>', '/cn/news/asdas.jpg', '9', '行业新闻', '1', '1', '1500710806');
INSERT INTO `news` VALUES ('9', '公司留不住人？ 或许是办公室风水太差', '好的办公室风水无论是对员工还是对整个企业发展来说都有着至关重要的作用。风水学不是迷信，而是一种人居科学，企业经营者掌握办公室风水禁忌对事业的发展百利而无一害。', '<div class=\"article-box\"><p><span style=\"font-size:16px\">很多公司的人员流动性高，有可能是公司的风水不佳留不住人。好的<a href=\"http://www.haozu.com\" target=\"_blank\">办公室</a>风水无论是对员工还是对整个企业发展来说都有着至关重要的作用。风水学不是迷信，而是一种人居科学，企业经营者掌握办公室风水禁忌对事业的发展百利而无一害。</span></p><p style=\"text-align: center;\"><span style=\"font-size:16px\"><a href=\"http://www.haozu.com\" target=\"_blank\"><img src=\"http://fang-oss.haozu.com/hzfs41/BC/GH/J5/f22a1d795e185183e27d489d814093b8.jpg@600w_377h_90Q%7Cwatermark=1&amp;object=aGFvenUucG5n&amp;t=90\" _src=\"http://fang-oss.haozu.com/hzfs41/BC/GH/J5/f22a1d795e185183e27d489d814093b8.jpg@600w_377h_90Q%7Cwatermark=1&amp;object=aGFvenUucG5n&amp;t=90\" title=\"b_381909416\"></a></span></p><h2><span style=\"font-size: medium;\">1</span><span style=\"font-size: medium;\">、办公室明堂不宜窄小局限</span></h2><p><span style=\"font-size:16px\">办公室明堂宜宽大；从静宫八卦的角度而言，办公室正前方的明堂位，正属于离位，离卦在八卦中乃事业的象征。因此明堂，亦即办公室正前方的位置，可说直接指涉这个单位的前程吉凶。所以如果办公室的明堂狭窄闭塞，势必象征此单位前途有限，阻碍众多，开发艰难。反之，如果办公室的内外明堂均开阔清幽，则意指这家公司前途似锦，业务顺利而成功。</span></p><h2><span style=\"font-size: medium;\">2</span><span style=\"font-size: medium;\">、公司的横梁忌裸露</span></h2><p><span style=\"font-size:16px\">当办公楼出现横梁裸露出来的情况时候，如果不幸被安排在横梁压顶下面，长此以往，会让人产生工作上的压力，受到上司的责难，容易遭到小人的中伤，颈椎疼痛，运气阻滞。如有栋梁，员工必定待不住，要化煞。</span></p><h2><span style=\"font-size: medium;\">3</span><span style=\"font-size: medium;\">、办公室窗口高度不宜过高</span></h2><p><span style=\"font-size:16px\">办公室窗口的高度对于风水布局也很重要。若办公室的后窗子又小又高，离地面足有两米，室内财位暗淡无光，这样的办公室窗口太高是官司牢房象，因为牢房窗子都很高，像这种情况当然是搬出此房办公为上策。</span></p><h2><span style=\"font-size: medium;\">4</span><span style=\"font-size: medium;\">、座位后面宜有靠墙或柜</span></h2><p><span style=\"font-size:16px\">座位的后方最好是固定、不动的东西；如果背后有人走动，容易让人精神不集中，无形中把一部分注意力转到后脑，长久下来会消耗掉能量，影响工作效率和健康。</span></p><h2><span style=\"font-size: medium;\">5</span><span style=\"font-size: medium;\">、办公室正前方不宜有冲煞</span></h2><p><span style=\"font-size:16px\">办公室正前方不宜逢各种冲煞：路冲煞、电杆煞、大树煞、尖角煞等。否则单位内的员工或主管不但容易诸事不顺，疾病不断。甚而人事异动频繁，向心力不足，留不住员工。</span></p><h2><span style=\"font-size: medium;\">6</span><span style=\"font-size: medium;\">、办公室的周遭不宜有桥煞</span></h2><p><span style=\"font-size:16px\">办公室的附近不宜有太高的建筑物，否则不但会带来压迫感，甚至会破坏办公室的事业稳定，产生时好时坏的运势，颠覆原来风水气局本该拥有的优点，甚至使员工伦理情感丧失，翻脸不认人。</span></p><h2><span style=\"font-size: medium;\">7</span><span style=\"font-size: medium;\">、头顶上有横梁或者光线较暗</span></h2><p><span style=\"font-size:16px\">办公室的光线要明亮充足。在风水学中，办公室的光线过于昏暗，会导致办公室的人际关系受到影响，而且付出与回报不成正比，即使多么努力都没有大作为。因此，办公室的光线一定要明亮充足。座位上要光线充足，如果光线太弱，会造成太阳能不足、地磁能过多的“阴气重”现象，久了会让人怠惰消极，也比较容易悲观。</span></p><h2><span style=\"font-size: medium;\">8</span><span style=\"font-size: medium;\">、办公室不宜太大太小</span></h2><p><span style=\"font-size:16px\">如面积过大则显得空旷，不聚气。办公室过小，则显得手脚活动不便利，生意上发展受阻;桌子靠在窗口，旺气被吸散，影响老板的思维，经营失策遭人算计破财，财位被损，财上必破。</span></p><h2><span style=\"font-size: medium;\">9</span><span style=\"font-size: medium;\">、办公室不宜开过多的偏门</span></h2><p><span style=\"font-size:16px\">办公室不宜开过多的偏门。因为，在风水学中，办公室开太多的偏门，会使办公室人气涣散，奋斗的斗志消失，使办公室财气不聚，或财进财出，无法凝聚出该有的成果与目标，因此，办公室不宜开过多的偏门。</span></p><h2><span style=\"font-size: medium;\">10</span><span style=\"font-size: medium;\">、办公室不宜通路闭塞</span></h2><p><span style=\"font-size:16px\">办公室的通路正如同人的血脉一般，宜通畅无碍。办公室通路闭塞，阻碍了整个通道，如此往往为员工带来运势窘困，行事费力而无绩效等种种毛病，严重影响事业的发展。</span></p><h2><span style=\"font-size: medium;\">11</span><span style=\"font-size: medium;\">、窗不宜开太多和位置问题</span></h2><p><span style=\"font-size:16px\">办公室，看是否窗户开得太多，或是前后门对冲。如是必定员工待不住。要摆放几盆大的绿叶子植物化掉！一些办公室做的隔断，员工背后开窗，或是左右面开窗。这些都会造成员工待不住的现象。办公室太少，也易让员工感觉到压抑！</span></p></div>', '/cn/news/asdas.jpg', '9', '行业新闻', '1', '1', '1500710806');
INSERT INTO `news` VALUES ('10', '公司留不住人？ 或许是办公室风水太差', '好的办公室风水无论是对员工还是对整个企业发展来说都有着至关重要的作用。风水学不是迷信，而是一种人居科学，企业经营者掌握办公室风水禁忌对事业的发展百利而无一害。', '<div class=\"article-box\"><p><span style=\"font-size:16px\">很多公司的人员流动性高，有可能是公司的风水不佳留不住人。好的<a href=\"http://www.haozu.com\" target=\"_blank\">办公室</a>风水无论是对员工还是对整个企业发展来说都有着至关重要的作用。风水学不是迷信，而是一种人居科学，企业经营者掌握办公室风水禁忌对事业的发展百利而无一害。</span></p><p style=\"text-align: center;\"><span style=\"font-size:16px\"><a href=\"http://www.haozu.com\" target=\"_blank\"><img src=\"http://fang-oss.haozu.com/hzfs41/BC/GH/J5/f22a1d795e185183e27d489d814093b8.jpg@600w_377h_90Q%7Cwatermark=1&amp;object=aGFvenUucG5n&amp;t=90\" _src=\"http://fang-oss.haozu.com/hzfs41/BC/GH/J5/f22a1d795e185183e27d489d814093b8.jpg@600w_377h_90Q%7Cwatermark=1&amp;object=aGFvenUucG5n&amp;t=90\" title=\"b_381909416\"></a></span></p><h2><span style=\"font-size: medium;\">1</span><span style=\"font-size: medium;\">、办公室明堂不宜窄小局限</span></h2><p><span style=\"font-size:16px\">办公室明堂宜宽大；从静宫八卦的角度而言，办公室正前方的明堂位，正属于离位，离卦在八卦中乃事业的象征。因此明堂，亦即办公室正前方的位置，可说直接指涉这个单位的前程吉凶。所以如果办公室的明堂狭窄闭塞，势必象征此单位前途有限，阻碍众多，开发艰难。反之，如果办公室的内外明堂均开阔清幽，则意指这家公司前途似锦，业务顺利而成功。</span></p><h2><span style=\"font-size: medium;\">2</span><span style=\"font-size: medium;\">、公司的横梁忌裸露</span></h2><p><span style=\"font-size:16px\">当办公楼出现横梁裸露出来的情况时候，如果不幸被安排在横梁压顶下面，长此以往，会让人产生工作上的压力，受到上司的责难，容易遭到小人的中伤，颈椎疼痛，运气阻滞。如有栋梁，员工必定待不住，要化煞。</span></p><h2><span style=\"font-size: medium;\">3</span><span style=\"font-size: medium;\">、办公室窗口高度不宜过高</span></h2><p><span style=\"font-size:16px\">办公室窗口的高度对于风水布局也很重要。若办公室的后窗子又小又高，离地面足有两米，室内财位暗淡无光，这样的办公室窗口太高是官司牢房象，因为牢房窗子都很高，像这种情况当然是搬出此房办公为上策。</span></p><h2><span style=\"font-size: medium;\">4</span><span style=\"font-size: medium;\">、座位后面宜有靠墙或柜</span></h2><p><span style=\"font-size:16px\">座位的后方最好是固定、不动的东西；如果背后有人走动，容易让人精神不集中，无形中把一部分注意力转到后脑，长久下来会消耗掉能量，影响工作效率和健康。</span></p><h2><span style=\"font-size: medium;\">5</span><span style=\"font-size: medium;\">、办公室正前方不宜有冲煞</span></h2><p><span style=\"font-size:16px\">办公室正前方不宜逢各种冲煞：路冲煞、电杆煞、大树煞、尖角煞等。否则单位内的员工或主管不但容易诸事不顺，疾病不断。甚而人事异动频繁，向心力不足，留不住员工。</span></p><h2><span style=\"font-size: medium;\">6</span><span style=\"font-size: medium;\">、办公室的周遭不宜有桥煞</span></h2><p><span style=\"font-size:16px\">办公室的附近不宜有太高的建筑物，否则不但会带来压迫感，甚至会破坏办公室的事业稳定，产生时好时坏的运势，颠覆原来风水气局本该拥有的优点，甚至使员工伦理情感丧失，翻脸不认人。</span></p><h2><span style=\"font-size: medium;\">7</span><span style=\"font-size: medium;\">、头顶上有横梁或者光线较暗</span></h2><p><span style=\"font-size:16px\">办公室的光线要明亮充足。在风水学中，办公室的光线过于昏暗，会导致办公室的人际关系受到影响，而且付出与回报不成正比，即使多么努力都没有大作为。因此，办公室的光线一定要明亮充足。座位上要光线充足，如果光线太弱，会造成太阳能不足、地磁能过多的“阴气重”现象，久了会让人怠惰消极，也比较容易悲观。</span></p><h2><span style=\"font-size: medium;\">8</span><span style=\"font-size: medium;\">、办公室不宜太大太小</span></h2><p><span style=\"font-size:16px\">如面积过大则显得空旷，不聚气。办公室过小，则显得手脚活动不便利，生意上发展受阻;桌子靠在窗口，旺气被吸散，影响老板的思维，经营失策遭人算计破财，财位被损，财上必破。</span></p><h2><span style=\"font-size: medium;\">9</span><span style=\"font-size: medium;\">、办公室不宜开过多的偏门</span></h2><p><span style=\"font-size:16px\">办公室不宜开过多的偏门。因为，在风水学中，办公室开太多的偏门，会使办公室人气涣散，奋斗的斗志消失，使办公室财气不聚，或财进财出，无法凝聚出该有的成果与目标，因此，办公室不宜开过多的偏门。</span></p><h2><span style=\"font-size: medium;\">10</span><span style=\"font-size: medium;\">、办公室不宜通路闭塞</span></h2><p><span style=\"font-size:16px\">办公室的通路正如同人的血脉一般，宜通畅无碍。办公室通路闭塞，阻碍了整个通道，如此往往为员工带来运势窘困，行事费力而无绩效等种种毛病，严重影响事业的发展。</span></p><h2><span style=\"font-size: medium;\">11</span><span style=\"font-size: medium;\">、窗不宜开太多和位置问题</span></h2><p><span style=\"font-size:16px\">办公室，看是否窗户开得太多，或是前后门对冲。如是必定员工待不住。要摆放几盆大的绿叶子植物化掉！一些办公室做的隔断，员工背后开窗，或是左右面开窗。这些都会造成员工待不住的现象。办公室太少，也易让员工感觉到压抑！</span></p></div>', '/cn/news/asdas.jpg', '9', '行业新闻', '1', '1', '1500710806');
INSERT INTO `news` VALUES ('11', '公司留不住人？ 或许是办公室风水太差', '好的办公室风水无论是对员工还是对整个企业发展来说都有着至关重要的作用。风水学不是迷信，而是一种人居科学，企业经营者掌握办公室风水禁忌对事业的发展百利而无一害。', '<div class=\"article-box\"><p><span style=\"font-size:16px\">很多公司的人员流动性高，有可能是公司的风水不佳留不住人。好的<a href=\"http://www.haozu.com\" target=\"_blank\">办公室</a>风水无论是对员工还是对整个企业发展来说都有着至关重要的作用。风水学不是迷信，而是一种人居科学，企业经营者掌握办公室风水禁忌对事业的发展百利而无一害。</span></p><p style=\"text-align: center;\"><span style=\"font-size:16px\"><a href=\"http://www.haozu.com\" target=\"_blank\"><img src=\"http://fang-oss.haozu.com/hzfs41/BC/GH/J5/f22a1d795e185183e27d489d814093b8.jpg@600w_377h_90Q%7Cwatermark=1&amp;object=aGFvenUucG5n&amp;t=90\" _src=\"http://fang-oss.haozu.com/hzfs41/BC/GH/J5/f22a1d795e185183e27d489d814093b8.jpg@600w_377h_90Q%7Cwatermark=1&amp;object=aGFvenUucG5n&amp;t=90\" title=\"b_381909416\"></a></span></p><h2><span style=\"font-size: medium;\">1</span><span style=\"font-size: medium;\">、办公室明堂不宜窄小局限</span></h2><p><span style=\"font-size:16px\">办公室明堂宜宽大；从静宫八卦的角度而言，办公室正前方的明堂位，正属于离位，离卦在八卦中乃事业的象征。因此明堂，亦即办公室正前方的位置，可说直接指涉这个单位的前程吉凶。所以如果办公室的明堂狭窄闭塞，势必象征此单位前途有限，阻碍众多，开发艰难。反之，如果办公室的内外明堂均开阔清幽，则意指这家公司前途似锦，业务顺利而成功。</span></p><h2><span style=\"font-size: medium;\">2</span><span style=\"font-size: medium;\">、公司的横梁忌裸露</span></h2><p><span style=\"font-size:16px\">当办公楼出现横梁裸露出来的情况时候，如果不幸被安排在横梁压顶下面，长此以往，会让人产生工作上的压力，受到上司的责难，容易遭到小人的中伤，颈椎疼痛，运气阻滞。如有栋梁，员工必定待不住，要化煞。</span></p><h2><span style=\"font-size: medium;\">3</span><span style=\"font-size: medium;\">、办公室窗口高度不宜过高</span></h2><p><span style=\"font-size:16px\">办公室窗口的高度对于风水布局也很重要。若办公室的后窗子又小又高，离地面足有两米，室内财位暗淡无光，这样的办公室窗口太高是官司牢房象，因为牢房窗子都很高，像这种情况当然是搬出此房办公为上策。</span></p><h2><span style=\"font-size: medium;\">4</span><span style=\"font-size: medium;\">、座位后面宜有靠墙或柜</span></h2><p><span style=\"font-size:16px\">座位的后方最好是固定、不动的东西；如果背后有人走动，容易让人精神不集中，无形中把一部分注意力转到后脑，长久下来会消耗掉能量，影响工作效率和健康。</span></p><h2><span style=\"font-size: medium;\">5</span><span style=\"font-size: medium;\">、办公室正前方不宜有冲煞</span></h2><p><span style=\"font-size:16px\">办公室正前方不宜逢各种冲煞：路冲煞、电杆煞、大树煞、尖角煞等。否则单位内的员工或主管不但容易诸事不顺，疾病不断。甚而人事异动频繁，向心力不足，留不住员工。</span></p><h2><span style=\"font-size: medium;\">6</span><span style=\"font-size: medium;\">、办公室的周遭不宜有桥煞</span></h2><p><span style=\"font-size:16px\">办公室的附近不宜有太高的建筑物，否则不但会带来压迫感，甚至会破坏办公室的事业稳定，产生时好时坏的运势，颠覆原来风水气局本该拥有的优点，甚至使员工伦理情感丧失，翻脸不认人。</span></p><h2><span style=\"font-size: medium;\">7</span><span style=\"font-size: medium;\">、头顶上有横梁或者光线较暗</span></h2><p><span style=\"font-size:16px\">办公室的光线要明亮充足。在风水学中，办公室的光线过于昏暗，会导致办公室的人际关系受到影响，而且付出与回报不成正比，即使多么努力都没有大作为。因此，办公室的光线一定要明亮充足。座位上要光线充足，如果光线太弱，会造成太阳能不足、地磁能过多的“阴气重”现象，久了会让人怠惰消极，也比较容易悲观。</span></p><h2><span style=\"font-size: medium;\">8</span><span style=\"font-size: medium;\">、办公室不宜太大太小</span></h2><p><span style=\"font-size:16px\">如面积过大则显得空旷，不聚气。办公室过小，则显得手脚活动不便利，生意上发展受阻;桌子靠在窗口，旺气被吸散，影响老板的思维，经营失策遭人算计破财，财位被损，财上必破。</span></p><h2><span style=\"font-size: medium;\">9</span><span style=\"font-size: medium;\">、办公室不宜开过多的偏门</span></h2><p><span style=\"font-size:16px\">办公室不宜开过多的偏门。因为，在风水学中，办公室开太多的偏门，会使办公室人气涣散，奋斗的斗志消失，使办公室财气不聚，或财进财出，无法凝聚出该有的成果与目标，因此，办公室不宜开过多的偏门。</span></p><h2><span style=\"font-size: medium;\">10</span><span style=\"font-size: medium;\">、办公室不宜通路闭塞</span></h2><p><span style=\"font-size:16px\">办公室的通路正如同人的血脉一般，宜通畅无碍。办公室通路闭塞，阻碍了整个通道，如此往往为员工带来运势窘困，行事费力而无绩效等种种毛病，严重影响事业的发展。</span></p><h2><span style=\"font-size: medium;\">11</span><span style=\"font-size: medium;\">、窗不宜开太多和位置问题</span></h2><p><span style=\"font-size:16px\">办公室，看是否窗户开得太多，或是前后门对冲。如是必定员工待不住。要摆放几盆大的绿叶子植物化掉！一些办公室做的隔断，员工背后开窗，或是左右面开窗。这些都会造成员工待不住的现象。办公室太少，也易让员工感觉到压抑！</span></p></div>', '/cn/news/asdas.jpg', '9', '行业新闻', '1', '1', '1500710806');
INSERT INTO `news` VALUES ('12', '公司留不住人？ 或许是办公室风水太差', '好的办公室风水无论是对员工还是对整个企业发展来说都有着至关重要的作用。风水学不是迷信，而是一种人居科学，企业经营者掌握办公室风水禁忌对事业的发展百利而无一害。', '<div class=\"article-box\"><p><span style=\"font-size:16px\">很多公司的人员流动性高，有可能是公司的风水不佳留不住人。好的<a href=\"http://www.haozu.com\" target=\"_blank\">办公室</a>风水无论是对员工还是对整个企业发展来说都有着至关重要的作用。风水学不是迷信，而是一种人居科学，企业经营者掌握办公室风水禁忌对事业的发展百利而无一害。</span></p><p style=\"text-align: center;\"><span style=\"font-size:16px\"><a href=\"http://www.haozu.com\" target=\"_blank\"><img src=\"http://fang-oss.haozu.com/hzfs41/BC/GH/J5/f22a1d795e185183e27d489d814093b8.jpg@600w_377h_90Q%7Cwatermark=1&amp;object=aGFvenUucG5n&amp;t=90\" _src=\"http://fang-oss.haozu.com/hzfs41/BC/GH/J5/f22a1d795e185183e27d489d814093b8.jpg@600w_377h_90Q%7Cwatermark=1&amp;object=aGFvenUucG5n&amp;t=90\" title=\"b_381909416\"></a></span></p><h2><span style=\"font-size: medium;\">1</span><span style=\"font-size: medium;\">、办公室明堂不宜窄小局限</span></h2><p><span style=\"font-size:16px\">办公室明堂宜宽大；从静宫八卦的角度而言，办公室正前方的明堂位，正属于离位，离卦在八卦中乃事业的象征。因此明堂，亦即办公室正前方的位置，可说直接指涉这个单位的前程吉凶。所以如果办公室的明堂狭窄闭塞，势必象征此单位前途有限，阻碍众多，开发艰难。反之，如果办公室的内外明堂均开阔清幽，则意指这家公司前途似锦，业务顺利而成功。</span></p><h2><span style=\"font-size: medium;\">2</span><span style=\"font-size: medium;\">、公司的横梁忌裸露</span></h2><p><span style=\"font-size:16px\">当办公楼出现横梁裸露出来的情况时候，如果不幸被安排在横梁压顶下面，长此以往，会让人产生工作上的压力，受到上司的责难，容易遭到小人的中伤，颈椎疼痛，运气阻滞。如有栋梁，员工必定待不住，要化煞。</span></p><h2><span style=\"font-size: medium;\">3</span><span style=\"font-size: medium;\">、办公室窗口高度不宜过高</span></h2><p><span style=\"font-size:16px\">办公室窗口的高度对于风水布局也很重要。若办公室的后窗子又小又高，离地面足有两米，室内财位暗淡无光，这样的办公室窗口太高是官司牢房象，因为牢房窗子都很高，像这种情况当然是搬出此房办公为上策。</span></p><h2><span style=\"font-size: medium;\">4</span><span style=\"font-size: medium;\">、座位后面宜有靠墙或柜</span></h2><p><span style=\"font-size:16px\">座位的后方最好是固定、不动的东西；如果背后有人走动，容易让人精神不集中，无形中把一部分注意力转到后脑，长久下来会消耗掉能量，影响工作效率和健康。</span></p><h2><span style=\"font-size: medium;\">5</span><span style=\"font-size: medium;\">、办公室正前方不宜有冲煞</span></h2><p><span style=\"font-size:16px\">办公室正前方不宜逢各种冲煞：路冲煞、电杆煞、大树煞、尖角煞等。否则单位内的员工或主管不但容易诸事不顺，疾病不断。甚而人事异动频繁，向心力不足，留不住员工。</span></p><h2><span style=\"font-size: medium;\">6</span><span style=\"font-size: medium;\">、办公室的周遭不宜有桥煞</span></h2><p><span style=\"font-size:16px\">办公室的附近不宜有太高的建筑物，否则不但会带来压迫感，甚至会破坏办公室的事业稳定，产生时好时坏的运势，颠覆原来风水气局本该拥有的优点，甚至使员工伦理情感丧失，翻脸不认人。</span></p><h2><span style=\"font-size: medium;\">7</span><span style=\"font-size: medium;\">、头顶上有横梁或者光线较暗</span></h2><p><span style=\"font-size:16px\">办公室的光线要明亮充足。在风水学中，办公室的光线过于昏暗，会导致办公室的人际关系受到影响，而且付出与回报不成正比，即使多么努力都没有大作为。因此，办公室的光线一定要明亮充足。座位上要光线充足，如果光线太弱，会造成太阳能不足、地磁能过多的“阴气重”现象，久了会让人怠惰消极，也比较容易悲观。</span></p><h2><span style=\"font-size: medium;\">8</span><span style=\"font-size: medium;\">、办公室不宜太大太小</span></h2><p><span style=\"font-size:16px\">如面积过大则显得空旷，不聚气。办公室过小，则显得手脚活动不便利，生意上发展受阻;桌子靠在窗口，旺气被吸散，影响老板的思维，经营失策遭人算计破财，财位被损，财上必破。</span></p><h2><span style=\"font-size: medium;\">9</span><span style=\"font-size: medium;\">、办公室不宜开过多的偏门</span></h2><p><span style=\"font-size:16px\">办公室不宜开过多的偏门。因为，在风水学中，办公室开太多的偏门，会使办公室人气涣散，奋斗的斗志消失，使办公室财气不聚，或财进财出，无法凝聚出该有的成果与目标，因此，办公室不宜开过多的偏门。</span></p><h2><span style=\"font-size: medium;\">10</span><span style=\"font-size: medium;\">、办公室不宜通路闭塞</span></h2><p><span style=\"font-size:16px\">办公室的通路正如同人的血脉一般，宜通畅无碍。办公室通路闭塞，阻碍了整个通道，如此往往为员工带来运势窘困，行事费力而无绩效等种种毛病，严重影响事业的发展。</span></p><h2><span style=\"font-size: medium;\">11</span><span style=\"font-size: medium;\">、窗不宜开太多和位置问题</span></h2><p><span style=\"font-size:16px\">办公室，看是否窗户开得太多，或是前后门对冲。如是必定员工待不住。要摆放几盆大的绿叶子植物化掉！一些办公室做的隔断，员工背后开窗，或是左右面开窗。这些都会造成员工待不住的现象。办公室太少，也易让员工感觉到压抑！</span></p></div>', '/cn/news/asdas.jpg', '9', '行业新闻', '1', '1', '1500710806');
INSERT INTO `news` VALUES ('13', '公司留不住人？ 或许是办公室风水太差', '好的办公室风水无论是对员工还是对整个企业发展来说都有着至关重要的作用。风水学不是迷信，而是一种人居科学，企业经营者掌握办公室风水禁忌对事业的发展百利而无一害。', '<div class=\"article-box\"><p><span style=\"font-size:16px\">很多公司的人员流动性高，有可能是公司的风水不佳留不住人。好的<a href=\"http://www.haozu.com\" target=\"_blank\">办公室</a>风水无论是对员工还是对整个企业发展来说都有着至关重要的作用。风水学不是迷信，而是一种人居科学，企业经营者掌握办公室风水禁忌对事业的发展百利而无一害。</span></p><p style=\"text-align: center;\"><span style=\"font-size:16px\"><a href=\"http://www.haozu.com\" target=\"_blank\"><img src=\"http://fang-oss.haozu.com/hzfs41/BC/GH/J5/f22a1d795e185183e27d489d814093b8.jpg@600w_377h_90Q%7Cwatermark=1&amp;object=aGFvenUucG5n&amp;t=90\" _src=\"http://fang-oss.haozu.com/hzfs41/BC/GH/J5/f22a1d795e185183e27d489d814093b8.jpg@600w_377h_90Q%7Cwatermark=1&amp;object=aGFvenUucG5n&amp;t=90\" title=\"b_381909416\"></a></span></p><h2><span style=\"font-size: medium;\">1</span><span style=\"font-size: medium;\">、办公室明堂不宜窄小局限</span></h2><p><span style=\"font-size:16px\">办公室明堂宜宽大；从静宫八卦的角度而言，办公室正前方的明堂位，正属于离位，离卦在八卦中乃事业的象征。因此明堂，亦即办公室正前方的位置，可说直接指涉这个单位的前程吉凶。所以如果办公室的明堂狭窄闭塞，势必象征此单位前途有限，阻碍众多，开发艰难。反之，如果办公室的内外明堂均开阔清幽，则意指这家公司前途似锦，业务顺利而成功。</span></p><h2><span style=\"font-size: medium;\">2</span><span style=\"font-size: medium;\">、公司的横梁忌裸露</span></h2><p><span style=\"font-size:16px\">当办公楼出现横梁裸露出来的情况时候，如果不幸被安排在横梁压顶下面，长此以往，会让人产生工作上的压力，受到上司的责难，容易遭到小人的中伤，颈椎疼痛，运气阻滞。如有栋梁，员工必定待不住，要化煞。</span></p><h2><span style=\"font-size: medium;\">3</span><span style=\"font-size: medium;\">、办公室窗口高度不宜过高</span></h2><p><span style=\"font-size:16px\">办公室窗口的高度对于风水布局也很重要。若办公室的后窗子又小又高，离地面足有两米，室内财位暗淡无光，这样的办公室窗口太高是官司牢房象，因为牢房窗子都很高，像这种情况当然是搬出此房办公为上策。</span></p><h2><span style=\"font-size: medium;\">4</span><span style=\"font-size: medium;\">、座位后面宜有靠墙或柜</span></h2><p><span style=\"font-size:16px\">座位的后方最好是固定、不动的东西；如果背后有人走动，容易让人精神不集中，无形中把一部分注意力转到后脑，长久下来会消耗掉能量，影响工作效率和健康。</span></p><h2><span style=\"font-size: medium;\">5</span><span style=\"font-size: medium;\">、办公室正前方不宜有冲煞</span></h2><p><span style=\"font-size:16px\">办公室正前方不宜逢各种冲煞：路冲煞、电杆煞、大树煞、尖角煞等。否则单位内的员工或主管不但容易诸事不顺，疾病不断。甚而人事异动频繁，向心力不足，留不住员工。</span></p><h2><span style=\"font-size: medium;\">6</span><span style=\"font-size: medium;\">、办公室的周遭不宜有桥煞</span></h2><p><span style=\"font-size:16px\">办公室的附近不宜有太高的建筑物，否则不但会带来压迫感，甚至会破坏办公室的事业稳定，产生时好时坏的运势，颠覆原来风水气局本该拥有的优点，甚至使员工伦理情感丧失，翻脸不认人。</span></p><h2><span style=\"font-size: medium;\">7</span><span style=\"font-size: medium;\">、头顶上有横梁或者光线较暗</span></h2><p><span style=\"font-size:16px\">办公室的光线要明亮充足。在风水学中，办公室的光线过于昏暗，会导致办公室的人际关系受到影响，而且付出与回报不成正比，即使多么努力都没有大作为。因此，办公室的光线一定要明亮充足。座位上要光线充足，如果光线太弱，会造成太阳能不足、地磁能过多的“阴气重”现象，久了会让人怠惰消极，也比较容易悲观。</span></p><h2><span style=\"font-size: medium;\">8</span><span style=\"font-size: medium;\">、办公室不宜太大太小</span></h2><p><span style=\"font-size:16px\">如面积过大则显得空旷，不聚气。办公室过小，则显得手脚活动不便利，生意上发展受阻;桌子靠在窗口，旺气被吸散，影响老板的思维，经营失策遭人算计破财，财位被损，财上必破。</span></p><h2><span style=\"font-size: medium;\">9</span><span style=\"font-size: medium;\">、办公室不宜开过多的偏门</span></h2><p><span style=\"font-size:16px\">办公室不宜开过多的偏门。因为，在风水学中，办公室开太多的偏门，会使办公室人气涣散，奋斗的斗志消失，使办公室财气不聚，或财进财出，无法凝聚出该有的成果与目标，因此，办公室不宜开过多的偏门。</span></p><h2><span style=\"font-size: medium;\">10</span><span style=\"font-size: medium;\">、办公室不宜通路闭塞</span></h2><p><span style=\"font-size:16px\">办公室的通路正如同人的血脉一般，宜通畅无碍。办公室通路闭塞，阻碍了整个通道，如此往往为员工带来运势窘困，行事费力而无绩效等种种毛病，严重影响事业的发展。</span></p><h2><span style=\"font-size: medium;\">11</span><span style=\"font-size: medium;\">、窗不宜开太多和位置问题</span></h2><p><span style=\"font-size:16px\">办公室，看是否窗户开得太多，或是前后门对冲。如是必定员工待不住。要摆放几盆大的绿叶子植物化掉！一些办公室做的隔断，员工背后开窗，或是左右面开窗。这些都会造成员工待不住的现象。办公室太少，也易让员工感觉到压抑！</span></p></div>', '/cn/news/asdas.jpg', '9', '行业新闻', '1', '1', '1500710806');
INSERT INTO `news` VALUES ('14', '公司留不住人？ 或许是办公室风水太差', '好的办公室风水无论是对员工还是对整个企业发展来说都有着至关重要的作用。风水学不是迷信，而是一种人居科学，企业经营者掌握办公室风水禁忌对事业的发展百利而无一害。', '<div class=\"article-box\"><p><span style=\"font-size:16px\">很多公司的人员流动性高，有可能是公司的风水不佳留不住人。好的<a href=\"http://www.haozu.com\" target=\"_blank\">办公室</a>风水无论是对员工还是对整个企业发展来说都有着至关重要的作用。风水学不是迷信，而是一种人居科学，企业经营者掌握办公室风水禁忌对事业的发展百利而无一害。</span></p><p style=\"text-align: center;\"><span style=\"font-size:16px\"><a href=\"http://www.haozu.com\" target=\"_blank\"><img src=\"http://fang-oss.haozu.com/hzfs41/BC/GH/J5/f22a1d795e185183e27d489d814093b8.jpg@600w_377h_90Q%7Cwatermark=1&amp;object=aGFvenUucG5n&amp;t=90\" _src=\"http://fang-oss.haozu.com/hzfs41/BC/GH/J5/f22a1d795e185183e27d489d814093b8.jpg@600w_377h_90Q%7Cwatermark=1&amp;object=aGFvenUucG5n&amp;t=90\" title=\"b_381909416\"></a></span></p><h2><span style=\"font-size: medium;\">1</span><span style=\"font-size: medium;\">、办公室明堂不宜窄小局限</span></h2><p><span style=\"font-size:16px\">办公室明堂宜宽大；从静宫八卦的角度而言，办公室正前方的明堂位，正属于离位，离卦在八卦中乃事业的象征。因此明堂，亦即办公室正前方的位置，可说直接指涉这个单位的前程吉凶。所以如果办公室的明堂狭窄闭塞，势必象征此单位前途有限，阻碍众多，开发艰难。反之，如果办公室的内外明堂均开阔清幽，则意指这家公司前途似锦，业务顺利而成功。</span></p><h2><span style=\"font-size: medium;\">2</span><span style=\"font-size: medium;\">、公司的横梁忌裸露</span></h2><p><span style=\"font-size:16px\">当办公楼出现横梁裸露出来的情况时候，如果不幸被安排在横梁压顶下面，长此以往，会让人产生工作上的压力，受到上司的责难，容易遭到小人的中伤，颈椎疼痛，运气阻滞。如有栋梁，员工必定待不住，要化煞。</span></p><h2><span style=\"font-size: medium;\">3</span><span style=\"font-size: medium;\">、办公室窗口高度不宜过高</span></h2><p><span style=\"font-size:16px\">办公室窗口的高度对于风水布局也很重要。若办公室的后窗子又小又高，离地面足有两米，室内财位暗淡无光，这样的办公室窗口太高是官司牢房象，因为牢房窗子都很高，像这种情况当然是搬出此房办公为上策。</span></p><h2><span style=\"font-size: medium;\">4</span><span style=\"font-size: medium;\">、座位后面宜有靠墙或柜</span></h2><p><span style=\"font-size:16px\">座位的后方最好是固定、不动的东西；如果背后有人走动，容易让人精神不集中，无形中把一部分注意力转到后脑，长久下来会消耗掉能量，影响工作效率和健康。</span></p><h2><span style=\"font-size: medium;\">5</span><span style=\"font-size: medium;\">、办公室正前方不宜有冲煞</span></h2><p><span style=\"font-size:16px\">办公室正前方不宜逢各种冲煞：路冲煞、电杆煞、大树煞、尖角煞等。否则单位内的员工或主管不但容易诸事不顺，疾病不断。甚而人事异动频繁，向心力不足，留不住员工。</span></p><h2><span style=\"font-size: medium;\">6</span><span style=\"font-size: medium;\">、办公室的周遭不宜有桥煞</span></h2><p><span style=\"font-size:16px\">办公室的附近不宜有太高的建筑物，否则不但会带来压迫感，甚至会破坏办公室的事业稳定，产生时好时坏的运势，颠覆原来风水气局本该拥有的优点，甚至使员工伦理情感丧失，翻脸不认人。</span></p><h2><span style=\"font-size: medium;\">7</span><span style=\"font-size: medium;\">、头顶上有横梁或者光线较暗</span></h2><p><span style=\"font-size:16px\">办公室的光线要明亮充足。在风水学中，办公室的光线过于昏暗，会导致办公室的人际关系受到影响，而且付出与回报不成正比，即使多么努力都没有大作为。因此，办公室的光线一定要明亮充足。座位上要光线充足，如果光线太弱，会造成太阳能不足、地磁能过多的“阴气重”现象，久了会让人怠惰消极，也比较容易悲观。</span></p><h2><span style=\"font-size: medium;\">8</span><span style=\"font-size: medium;\">、办公室不宜太大太小</span></h2><p><span style=\"font-size:16px\">如面积过大则显得空旷，不聚气。办公室过小，则显得手脚活动不便利，生意上发展受阻;桌子靠在窗口，旺气被吸散，影响老板的思维，经营失策遭人算计破财，财位被损，财上必破。</span></p><h2><span style=\"font-size: medium;\">9</span><span style=\"font-size: medium;\">、办公室不宜开过多的偏门</span></h2><p><span style=\"font-size:16px\">办公室不宜开过多的偏门。因为，在风水学中，办公室开太多的偏门，会使办公室人气涣散，奋斗的斗志消失，使办公室财气不聚，或财进财出，无法凝聚出该有的成果与目标，因此，办公室不宜开过多的偏门。</span></p><h2><span style=\"font-size: medium;\">10</span><span style=\"font-size: medium;\">、办公室不宜通路闭塞</span></h2><p><span style=\"font-size:16px\">办公室的通路正如同人的血脉一般，宜通畅无碍。办公室通路闭塞，阻碍了整个通道，如此往往为员工带来运势窘困，行事费力而无绩效等种种毛病，严重影响事业的发展。</span></p><h2><span style=\"font-size: medium;\">11</span><span style=\"font-size: medium;\">、窗不宜开太多和位置问题</span></h2><p><span style=\"font-size:16px\">办公室，看是否窗户开得太多，或是前后门对冲。如是必定员工待不住。要摆放几盆大的绿叶子植物化掉！一些办公室做的隔断，员工背后开窗，或是左右面开窗。这些都会造成员工待不住的现象。办公室太少，也易让员工感觉到压抑！</span></p></div>', '/cn/news/asdas.jpg', '9', '行业新闻', '1', '1', '1500710806');
INSERT INTO `news` VALUES ('15', '公司留不住人？ 或许是办公室风水太差', '好的办公室风水无论是对员工还是对整个企业发展来说都有着至关重要的作用。风水学不是迷信，而是一种人居科学，企业经营者掌握办公室风水禁忌对事业的发展百利而无一害。', '<div class=\"article-box\"><p><span style=\"font-size:16px\">很多公司的人员流动性高，有可能是公司的风水不佳留不住人。好的<a href=\"http://www.haozu.com\" target=\"_blank\">办公室</a>风水无论是对员工还是对整个企业发展来说都有着至关重要的作用。风水学不是迷信，而是一种人居科学，企业经营者掌握办公室风水禁忌对事业的发展百利而无一害。</span></p><p style=\"text-align: center;\"><span style=\"font-size:16px\"><a href=\"http://www.haozu.com\" target=\"_blank\"><img src=\"http://fang-oss.haozu.com/hzfs41/BC/GH/J5/f22a1d795e185183e27d489d814093b8.jpg@600w_377h_90Q%7Cwatermark=1&amp;object=aGFvenUucG5n&amp;t=90\" _src=\"http://fang-oss.haozu.com/hzfs41/BC/GH/J5/f22a1d795e185183e27d489d814093b8.jpg@600w_377h_90Q%7Cwatermark=1&amp;object=aGFvenUucG5n&amp;t=90\" title=\"b_381909416\"></a></span></p><h2><span style=\"font-size: medium;\">1</span><span style=\"font-size: medium;\">、办公室明堂不宜窄小局限</span></h2><p><span style=\"font-size:16px\">办公室明堂宜宽大；从静宫八卦的角度而言，办公室正前方的明堂位，正属于离位，离卦在八卦中乃事业的象征。因此明堂，亦即办公室正前方的位置，可说直接指涉这个单位的前程吉凶。所以如果办公室的明堂狭窄闭塞，势必象征此单位前途有限，阻碍众多，开发艰难。反之，如果办公室的内外明堂均开阔清幽，则意指这家公司前途似锦，业务顺利而成功。</span></p><h2><span style=\"font-size: medium;\">2</span><span style=\"font-size: medium;\">、公司的横梁忌裸露</span></h2><p><span style=\"font-size:16px\">当办公楼出现横梁裸露出来的情况时候，如果不幸被安排在横梁压顶下面，长此以往，会让人产生工作上的压力，受到上司的责难，容易遭到小人的中伤，颈椎疼痛，运气阻滞。如有栋梁，员工必定待不住，要化煞。</span></p><h2><span style=\"font-size: medium;\">3</span><span style=\"font-size: medium;\">、办公室窗口高度不宜过高</span></h2><p><span style=\"font-size:16px\">办公室窗口的高度对于风水布局也很重要。若办公室的后窗子又小又高，离地面足有两米，室内财位暗淡无光，这样的办公室窗口太高是官司牢房象，因为牢房窗子都很高，像这种情况当然是搬出此房办公为上策。</span></p><h2><span style=\"font-size: medium;\">4</span><span style=\"font-size: medium;\">、座位后面宜有靠墙或柜</span></h2><p><span style=\"font-size:16px\">座位的后方最好是固定、不动的东西；如果背后有人走动，容易让人精神不集中，无形中把一部分注意力转到后脑，长久下来会消耗掉能量，影响工作效率和健康。</span></p><h2><span style=\"font-size: medium;\">5</span><span style=\"font-size: medium;\">、办公室正前方不宜有冲煞</span></h2><p><span style=\"font-size:16px\">办公室正前方不宜逢各种冲煞：路冲煞、电杆煞、大树煞、尖角煞等。否则单位内的员工或主管不但容易诸事不顺，疾病不断。甚而人事异动频繁，向心力不足，留不住员工。</span></p><h2><span style=\"font-size: medium;\">6</span><span style=\"font-size: medium;\">、办公室的周遭不宜有桥煞</span></h2><p><span style=\"font-size:16px\">办公室的附近不宜有太高的建筑物，否则不但会带来压迫感，甚至会破坏办公室的事业稳定，产生时好时坏的运势，颠覆原来风水气局本该拥有的优点，甚至使员工伦理情感丧失，翻脸不认人。</span></p><h2><span style=\"font-size: medium;\">7</span><span style=\"font-size: medium;\">、头顶上有横梁或者光线较暗</span></h2><p><span style=\"font-size:16px\">办公室的光线要明亮充足。在风水学中，办公室的光线过于昏暗，会导致办公室的人际关系受到影响，而且付出与回报不成正比，即使多么努力都没有大作为。因此，办公室的光线一定要明亮充足。座位上要光线充足，如果光线太弱，会造成太阳能不足、地磁能过多的“阴气重”现象，久了会让人怠惰消极，也比较容易悲观。</span></p><h2><span style=\"font-size: medium;\">8</span><span style=\"font-size: medium;\">、办公室不宜太大太小</span></h2><p><span style=\"font-size:16px\">如面积过大则显得空旷，不聚气。办公室过小，则显得手脚活动不便利，生意上发展受阻;桌子靠在窗口，旺气被吸散，影响老板的思维，经营失策遭人算计破财，财位被损，财上必破。</span></p><h2><span style=\"font-size: medium;\">9</span><span style=\"font-size: medium;\">、办公室不宜开过多的偏门</span></h2><p><span style=\"font-size:16px\">办公室不宜开过多的偏门。因为，在风水学中，办公室开太多的偏门，会使办公室人气涣散，奋斗的斗志消失，使办公室财气不聚，或财进财出，无法凝聚出该有的成果与目标，因此，办公室不宜开过多的偏门。</span></p><h2><span style=\"font-size: medium;\">10</span><span style=\"font-size: medium;\">、办公室不宜通路闭塞</span></h2><p><span style=\"font-size:16px\">办公室的通路正如同人的血脉一般，宜通畅无碍。办公室通路闭塞，阻碍了整个通道，如此往往为员工带来运势窘困，行事费力而无绩效等种种毛病，严重影响事业的发展。</span></p><h2><span style=\"font-size: medium;\">11</span><span style=\"font-size: medium;\">、窗不宜开太多和位置问题</span></h2><p><span style=\"font-size:16px\">办公室，看是否窗户开得太多，或是前后门对冲。如是必定员工待不住。要摆放几盆大的绿叶子植物化掉！一些办公室做的隔断，员工背后开窗，或是左右面开窗。这些都会造成员工待不住的现象。办公室太少，也易让员工感觉到压抑！</span></p></div>', '/cn/news/asdas.jpg', '9', '行业新闻', '1', '1', '1500710806');
INSERT INTO `news` VALUES ('16', '公司留不住人？ 或许是办公室风水太差', '好的办公室风水无论是对员工还是对整个企业发展来说都有着至关重要的作用。风水学不是迷信，而是一种人居科学，企业经营者掌握办公室风水禁忌对事业的发展百利而无一害。', '<div class=\"article-box\"><p><span style=\"font-size:16px\">很多公司的人员流动性高，有可能是公司的风水不佳留不住人。好的<a href=\"http://www.haozu.com\" target=\"_blank\">办公室</a>风水无论是对员工还是对整个企业发展来说都有着至关重要的作用。风水学不是迷信，而是一种人居科学，企业经营者掌握办公室风水禁忌对事业的发展百利而无一害。</span></p><p style=\"text-align: center;\"><span style=\"font-size:16px\"><a href=\"http://www.haozu.com\" target=\"_blank\"><img src=\"http://fang-oss.haozu.com/hzfs41/BC/GH/J5/f22a1d795e185183e27d489d814093b8.jpg@600w_377h_90Q%7Cwatermark=1&amp;object=aGFvenUucG5n&amp;t=90\" _src=\"http://fang-oss.haozu.com/hzfs41/BC/GH/J5/f22a1d795e185183e27d489d814093b8.jpg@600w_377h_90Q%7Cwatermark=1&amp;object=aGFvenUucG5n&amp;t=90\" title=\"b_381909416\"></a></span></p><h2><span style=\"font-size: medium;\">1</span><span style=\"font-size: medium;\">、办公室明堂不宜窄小局限</span></h2><p><span style=\"font-size:16px\">办公室明堂宜宽大；从静宫八卦的角度而言，办公室正前方的明堂位，正属于离位，离卦在八卦中乃事业的象征。因此明堂，亦即办公室正前方的位置，可说直接指涉这个单位的前程吉凶。所以如果办公室的明堂狭窄闭塞，势必象征此单位前途有限，阻碍众多，开发艰难。反之，如果办公室的内外明堂均开阔清幽，则意指这家公司前途似锦，业务顺利而成功。</span></p><h2><span style=\"font-size: medium;\">2</span><span style=\"font-size: medium;\">、公司的横梁忌裸露</span></h2><p><span style=\"font-size:16px\">当办公楼出现横梁裸露出来的情况时候，如果不幸被安排在横梁压顶下面，长此以往，会让人产生工作上的压力，受到上司的责难，容易遭到小人的中伤，颈椎疼痛，运气阻滞。如有栋梁，员工必定待不住，要化煞。</span></p><h2><span style=\"font-size: medium;\">3</span><span style=\"font-size: medium;\">、办公室窗口高度不宜过高</span></h2><p><span style=\"font-size:16px\">办公室窗口的高度对于风水布局也很重要。若办公室的后窗子又小又高，离地面足有两米，室内财位暗淡无光，这样的办公室窗口太高是官司牢房象，因为牢房窗子都很高，像这种情况当然是搬出此房办公为上策。</span></p><h2><span style=\"font-size: medium;\">4</span><span style=\"font-size: medium;\">、座位后面宜有靠墙或柜</span></h2><p><span style=\"font-size:16px\">座位的后方最好是固定、不动的东西；如果背后有人走动，容易让人精神不集中，无形中把一部分注意力转到后脑，长久下来会消耗掉能量，影响工作效率和健康。</span></p><h2><span style=\"font-size: medium;\">5</span><span style=\"font-size: medium;\">、办公室正前方不宜有冲煞</span></h2><p><span style=\"font-size:16px\">办公室正前方不宜逢各种冲煞：路冲煞、电杆煞、大树煞、尖角煞等。否则单位内的员工或主管不但容易诸事不顺，疾病不断。甚而人事异动频繁，向心力不足，留不住员工。</span></p><h2><span style=\"font-size: medium;\">6</span><span style=\"font-size: medium;\">、办公室的周遭不宜有桥煞</span></h2><p><span style=\"font-size:16px\">办公室的附近不宜有太高的建筑物，否则不但会带来压迫感，甚至会破坏办公室的事业稳定，产生时好时坏的运势，颠覆原来风水气局本该拥有的优点，甚至使员工伦理情感丧失，翻脸不认人。</span></p><h2><span style=\"font-size: medium;\">7</span><span style=\"font-size: medium;\">、头顶上有横梁或者光线较暗</span></h2><p><span style=\"font-size:16px\">办公室的光线要明亮充足。在风水学中，办公室的光线过于昏暗，会导致办公室的人际关系受到影响，而且付出与回报不成正比，即使多么努力都没有大作为。因此，办公室的光线一定要明亮充足。座位上要光线充足，如果光线太弱，会造成太阳能不足、地磁能过多的“阴气重”现象，久了会让人怠惰消极，也比较容易悲观。</span></p><h2><span style=\"font-size: medium;\">8</span><span style=\"font-size: medium;\">、办公室不宜太大太小</span></h2><p><span style=\"font-size:16px\">如面积过大则显得空旷，不聚气。办公室过小，则显得手脚活动不便利，生意上发展受阻;桌子靠在窗口，旺气被吸散，影响老板的思维，经营失策遭人算计破财，财位被损，财上必破。</span></p><h2><span style=\"font-size: medium;\">9</span><span style=\"font-size: medium;\">、办公室不宜开过多的偏门</span></h2><p><span style=\"font-size:16px\">办公室不宜开过多的偏门。因为，在风水学中，办公室开太多的偏门，会使办公室人气涣散，奋斗的斗志消失，使办公室财气不聚，或财进财出，无法凝聚出该有的成果与目标，因此，办公室不宜开过多的偏门。</span></p><h2><span style=\"font-size: medium;\">10</span><span style=\"font-size: medium;\">、办公室不宜通路闭塞</span></h2><p><span style=\"font-size:16px\">办公室的通路正如同人的血脉一般，宜通畅无碍。办公室通路闭塞，阻碍了整个通道，如此往往为员工带来运势窘困，行事费力而无绩效等种种毛病，严重影响事业的发展。</span></p><h2><span style=\"font-size: medium;\">11</span><span style=\"font-size: medium;\">、窗不宜开太多和位置问题</span></h2><p><span style=\"font-size:16px\">办公室，看是否窗户开得太多，或是前后门对冲。如是必定员工待不住。要摆放几盆大的绿叶子植物化掉！一些办公室做的隔断，员工背后开窗，或是左右面开窗。这些都会造成员工待不住的现象。办公室太少，也易让员工感觉到压抑！</span></p></div>', '/cn/news/asdas.jpg', '9', '行业新闻', '1', '1', '1500710806');
INSERT INTO `news` VALUES ('17', '公司留不住人？ 或许是办公室风水太差', '好的办公室风水无论是对员工还是对整个企业发展来说都有着至关重要的作用。风水学不是迷信，而是一种人居科学，企业经营者掌握办公室风水禁忌对事业的发展百利而无一害。', '<div class=\"article-box\"><p><span style=\"font-size:16px\">很多公司的人员流动性高，有可能是公司的风水不佳留不住人。好的<a href=\"http://www.haozu.com\" target=\"_blank\">办公室</a>风水无论是对员工还是对整个企业发展来说都有着至关重要的作用。风水学不是迷信，而是一种人居科学，企业经营者掌握办公室风水禁忌对事业的发展百利而无一害。</span></p><p style=\"text-align: center;\"><span style=\"font-size:16px\"><a href=\"http://www.haozu.com\" target=\"_blank\"><img src=\"http://fang-oss.haozu.com/hzfs41/BC/GH/J5/f22a1d795e185183e27d489d814093b8.jpg@600w_377h_90Q%7Cwatermark=1&amp;object=aGFvenUucG5n&amp;t=90\" _src=\"http://fang-oss.haozu.com/hzfs41/BC/GH/J5/f22a1d795e185183e27d489d814093b8.jpg@600w_377h_90Q%7Cwatermark=1&amp;object=aGFvenUucG5n&amp;t=90\" title=\"b_381909416\"></a></span></p><h2><span style=\"font-size: medium;\">1</span><span style=\"font-size: medium;\">、办公室明堂不宜窄小局限</span></h2><p><span style=\"font-size:16px\">办公室明堂宜宽大；从静宫八卦的角度而言，办公室正前方的明堂位，正属于离位，离卦在八卦中乃事业的象征。因此明堂，亦即办公室正前方的位置，可说直接指涉这个单位的前程吉凶。所以如果办公室的明堂狭窄闭塞，势必象征此单位前途有限，阻碍众多，开发艰难。反之，如果办公室的内外明堂均开阔清幽，则意指这家公司前途似锦，业务顺利而成功。</span></p><h2><span style=\"font-size: medium;\">2</span><span style=\"font-size: medium;\">、公司的横梁忌裸露</span></h2><p><span style=\"font-size:16px\">当办公楼出现横梁裸露出来的情况时候，如果不幸被安排在横梁压顶下面，长此以往，会让人产生工作上的压力，受到上司的责难，容易遭到小人的中伤，颈椎疼痛，运气阻滞。如有栋梁，员工必定待不住，要化煞。</span></p><h2><span style=\"font-size: medium;\">3</span><span style=\"font-size: medium;\">、办公室窗口高度不宜过高</span></h2><p><span style=\"font-size:16px\">办公室窗口的高度对于风水布局也很重要。若办公室的后窗子又小又高，离地面足有两米，室内财位暗淡无光，这样的办公室窗口太高是官司牢房象，因为牢房窗子都很高，像这种情况当然是搬出此房办公为上策。</span></p><h2><span style=\"font-size: medium;\">4</span><span style=\"font-size: medium;\">、座位后面宜有靠墙或柜</span></h2><p><span style=\"font-size:16px\">座位的后方最好是固定、不动的东西；如果背后有人走动，容易让人精神不集中，无形中把一部分注意力转到后脑，长久下来会消耗掉能量，影响工作效率和健康。</span></p><h2><span style=\"font-size: medium;\">5</span><span style=\"font-size: medium;\">、办公室正前方不宜有冲煞</span></h2><p><span style=\"font-size:16px\">办公室正前方不宜逢各种冲煞：路冲煞、电杆煞、大树煞、尖角煞等。否则单位内的员工或主管不但容易诸事不顺，疾病不断。甚而人事异动频繁，向心力不足，留不住员工。</span></p><h2><span style=\"font-size: medium;\">6</span><span style=\"font-size: medium;\">、办公室的周遭不宜有桥煞</span></h2><p><span style=\"font-size:16px\">办公室的附近不宜有太高的建筑物，否则不但会带来压迫感，甚至会破坏办公室的事业稳定，产生时好时坏的运势，颠覆原来风水气局本该拥有的优点，甚至使员工伦理情感丧失，翻脸不认人。</span></p><h2><span style=\"font-size: medium;\">7</span><span style=\"font-size: medium;\">、头顶上有横梁或者光线较暗</span></h2><p><span style=\"font-size:16px\">办公室的光线要明亮充足。在风水学中，办公室的光线过于昏暗，会导致办公室的人际关系受到影响，而且付出与回报不成正比，即使多么努力都没有大作为。因此，办公室的光线一定要明亮充足。座位上要光线充足，如果光线太弱，会造成太阳能不足、地磁能过多的“阴气重”现象，久了会让人怠惰消极，也比较容易悲观。</span></p><h2><span style=\"font-size: medium;\">8</span><span style=\"font-size: medium;\">、办公室不宜太大太小</span></h2><p><span style=\"font-size:16px\">如面积过大则显得空旷，不聚气。办公室过小，则显得手脚活动不便利，生意上发展受阻;桌子靠在窗口，旺气被吸散，影响老板的思维，经营失策遭人算计破财，财位被损，财上必破。</span></p><h2><span style=\"font-size: medium;\">9</span><span style=\"font-size: medium;\">、办公室不宜开过多的偏门</span></h2><p><span style=\"font-size:16px\">办公室不宜开过多的偏门。因为，在风水学中，办公室开太多的偏门，会使办公室人气涣散，奋斗的斗志消失，使办公室财气不聚，或财进财出，无法凝聚出该有的成果与目标，因此，办公室不宜开过多的偏门。</span></p><h2><span style=\"font-size: medium;\">10</span><span style=\"font-size: medium;\">、办公室不宜通路闭塞</span></h2><p><span style=\"font-size:16px\">办公室的通路正如同人的血脉一般，宜通畅无碍。办公室通路闭塞，阻碍了整个通道，如此往往为员工带来运势窘困，行事费力而无绩效等种种毛病，严重影响事业的发展。</span></p><h2><span style=\"font-size: medium;\">11</span><span style=\"font-size: medium;\">、窗不宜开太多和位置问题</span></h2><p><span style=\"font-size:16px\">办公室，看是否窗户开得太多，或是前后门对冲。如是必定员工待不住。要摆放几盆大的绿叶子植物化掉！一些办公室做的隔断，员工背后开窗，或是左右面开窗。这些都会造成员工待不住的现象。办公室太少，也易让员工感觉到压抑！</span></p></div>', '/cn/news/asdas.jpg', '9', '行业新闻', '1', '1', '1500710806');
INSERT INTO `news` VALUES ('18', '公司留不住人？ 或许是办公室风水太差', '好的办公室风水无论是对员工还是对整个企业发展来说都有着至关重要的作用。风水学不是迷信，而是一种人居科学，企业经营者掌握办公室风水禁忌对事业的发展百利而无一害。', '<div class=\"article-box\"><p><span style=\"font-size:16px\">很多公司的人员流动性高，有可能是公司的风水不佳留不住人。好的<a href=\"http://www.haozu.com\" target=\"_blank\">办公室</a>风水无论是对员工还是对整个企业发展来说都有着至关重要的作用。风水学不是迷信，而是一种人居科学，企业经营者掌握办公室风水禁忌对事业的发展百利而无一害。</span></p><p style=\"text-align: center;\"><span style=\"font-size:16px\"><a href=\"http://www.haozu.com\" target=\"_blank\"><img src=\"http://fang-oss.haozu.com/hzfs41/BC/GH/J5/f22a1d795e185183e27d489d814093b8.jpg@600w_377h_90Q%7Cwatermark=1&amp;object=aGFvenUucG5n&amp;t=90\" _src=\"http://fang-oss.haozu.com/hzfs41/BC/GH/J5/f22a1d795e185183e27d489d814093b8.jpg@600w_377h_90Q%7Cwatermark=1&amp;object=aGFvenUucG5n&amp;t=90\" title=\"b_381909416\"></a></span></p><h2><span style=\"font-size: medium;\">1</span><span style=\"font-size: medium;\">、办公室明堂不宜窄小局限</span></h2><p><span style=\"font-size:16px\">办公室明堂宜宽大；从静宫八卦的角度而言，办公室正前方的明堂位，正属于离位，离卦在八卦中乃事业的象征。因此明堂，亦即办公室正前方的位置，可说直接指涉这个单位的前程吉凶。所以如果办公室的明堂狭窄闭塞，势必象征此单位前途有限，阻碍众多，开发艰难。反之，如果办公室的内外明堂均开阔清幽，则意指这家公司前途似锦，业务顺利而成功。</span></p><h2><span style=\"font-size: medium;\">2</span><span style=\"font-size: medium;\">、公司的横梁忌裸露</span></h2><p><span style=\"font-size:16px\">当办公楼出现横梁裸露出来的情况时候，如果不幸被安排在横梁压顶下面，长此以往，会让人产生工作上的压力，受到上司的责难，容易遭到小人的中伤，颈椎疼痛，运气阻滞。如有栋梁，员工必定待不住，要化煞。</span></p><h2><span style=\"font-size: medium;\">3</span><span style=\"font-size: medium;\">、办公室窗口高度不宜过高</span></h2><p><span style=\"font-size:16px\">办公室窗口的高度对于风水布局也很重要。若办公室的后窗子又小又高，离地面足有两米，室内财位暗淡无光，这样的办公室窗口太高是官司牢房象，因为牢房窗子都很高，像这种情况当然是搬出此房办公为上策。</span></p><h2><span style=\"font-size: medium;\">4</span><span style=\"font-size: medium;\">、座位后面宜有靠墙或柜</span></h2><p><span style=\"font-size:16px\">座位的后方最好是固定、不动的东西；如果背后有人走动，容易让人精神不集中，无形中把一部分注意力转到后脑，长久下来会消耗掉能量，影响工作效率和健康。</span></p><h2><span style=\"font-size: medium;\">5</span><span style=\"font-size: medium;\">、办公室正前方不宜有冲煞</span></h2><p><span style=\"font-size:16px\">办公室正前方不宜逢各种冲煞：路冲煞、电杆煞、大树煞、尖角煞等。否则单位内的员工或主管不但容易诸事不顺，疾病不断。甚而人事异动频繁，向心力不足，留不住员工。</span></p><h2><span style=\"font-size: medium;\">6</span><span style=\"font-size: medium;\">、办公室的周遭不宜有桥煞</span></h2><p><span style=\"font-size:16px\">办公室的附近不宜有太高的建筑物，否则不但会带来压迫感，甚至会破坏办公室的事业稳定，产生时好时坏的运势，颠覆原来风水气局本该拥有的优点，甚至使员工伦理情感丧失，翻脸不认人。</span></p><h2><span style=\"font-size: medium;\">7</span><span style=\"font-size: medium;\">、头顶上有横梁或者光线较暗</span></h2><p><span style=\"font-size:16px\">办公室的光线要明亮充足。在风水学中，办公室的光线过于昏暗，会导致办公室的人际关系受到影响，而且付出与回报不成正比，即使多么努力都没有大作为。因此，办公室的光线一定要明亮充足。座位上要光线充足，如果光线太弱，会造成太阳能不足、地磁能过多的“阴气重”现象，久了会让人怠惰消极，也比较容易悲观。</span></p><h2><span style=\"font-size: medium;\">8</span><span style=\"font-size: medium;\">、办公室不宜太大太小</span></h2><p><span style=\"font-size:16px\">如面积过大则显得空旷，不聚气。办公室过小，则显得手脚活动不便利，生意上发展受阻;桌子靠在窗口，旺气被吸散，影响老板的思维，经营失策遭人算计破财，财位被损，财上必破。</span></p><h2><span style=\"font-size: medium;\">9</span><span style=\"font-size: medium;\">、办公室不宜开过多的偏门</span></h2><p><span style=\"font-size:16px\">办公室不宜开过多的偏门。因为，在风水学中，办公室开太多的偏门，会使办公室人气涣散，奋斗的斗志消失，使办公室财气不聚，或财进财出，无法凝聚出该有的成果与目标，因此，办公室不宜开过多的偏门。</span></p><h2><span style=\"font-size: medium;\">10</span><span style=\"font-size: medium;\">、办公室不宜通路闭塞</span></h2><p><span style=\"font-size:16px\">办公室的通路正如同人的血脉一般，宜通畅无碍。办公室通路闭塞，阻碍了整个通道，如此往往为员工带来运势窘困，行事费力而无绩效等种种毛病，严重影响事业的发展。</span></p><h2><span style=\"font-size: medium;\">11</span><span style=\"font-size: medium;\">、窗不宜开太多和位置问题</span></h2><p><span style=\"font-size:16px\">办公室，看是否窗户开得太多，或是前后门对冲。如是必定员工待不住。要摆放几盆大的绿叶子植物化掉！一些办公室做的隔断，员工背后开窗，或是左右面开窗。这些都会造成员工待不住的现象。办公室太少，也易让员工感觉到压抑！</span></p></div>', '/cn/news/asdas.jpg', '9', '行业新闻', '1', '1', '1500710806');
INSERT INTO `news` VALUES ('19', '公司留不住人？ 或许是办公室风水太差', '好的办公室风水无论是对员工还是对整个企业发展来说都有着至关重要的作用。风水学不是迷信，而是一种人居科学，企业经营者掌握办公室风水禁忌对事业的发展百利而无一害。', '<div class=\"article-box\"><p><span style=\"font-size:16px\">很多公司的人员流动性高，有可能是公司的风水不佳留不住人。好的<a href=\"http://www.haozu.com\" target=\"_blank\">办公室</a>风水无论是对员工还是对整个企业发展来说都有着至关重要的作用。风水学不是迷信，而是一种人居科学，企业经营者掌握办公室风水禁忌对事业的发展百利而无一害。</span></p><p style=\"text-align: center;\"><span style=\"font-size:16px\"><a href=\"http://www.haozu.com\" target=\"_blank\"><img src=\"http://fang-oss.haozu.com/hzfs41/BC/GH/J5/f22a1d795e185183e27d489d814093b8.jpg@600w_377h_90Q%7Cwatermark=1&amp;object=aGFvenUucG5n&amp;t=90\" _src=\"http://fang-oss.haozu.com/hzfs41/BC/GH/J5/f22a1d795e185183e27d489d814093b8.jpg@600w_377h_90Q%7Cwatermark=1&amp;object=aGFvenUucG5n&amp;t=90\" title=\"b_381909416\"></a></span></p><h2><span style=\"font-size: medium;\">1</span><span style=\"font-size: medium;\">、办公室明堂不宜窄小局限</span></h2><p><span style=\"font-size:16px\">办公室明堂宜宽大；从静宫八卦的角度而言，办公室正前方的明堂位，正属于离位，离卦在八卦中乃事业的象征。因此明堂，亦即办公室正前方的位置，可说直接指涉这个单位的前程吉凶。所以如果办公室的明堂狭窄闭塞，势必象征此单位前途有限，阻碍众多，开发艰难。反之，如果办公室的内外明堂均开阔清幽，则意指这家公司前途似锦，业务顺利而成功。</span></p><h2><span style=\"font-size: medium;\">2</span><span style=\"font-size: medium;\">、公司的横梁忌裸露</span></h2><p><span style=\"font-size:16px\">当办公楼出现横梁裸露出来的情况时候，如果不幸被安排在横梁压顶下面，长此以往，会让人产生工作上的压力，受到上司的责难，容易遭到小人的中伤，颈椎疼痛，运气阻滞。如有栋梁，员工必定待不住，要化煞。</span></p><h2><span style=\"font-size: medium;\">3</span><span style=\"font-size: medium;\">、办公室窗口高度不宜过高</span></h2><p><span style=\"font-size:16px\">办公室窗口的高度对于风水布局也很重要。若办公室的后窗子又小又高，离地面足有两米，室内财位暗淡无光，这样的办公室窗口太高是官司牢房象，因为牢房窗子都很高，像这种情况当然是搬出此房办公为上策。</span></p><h2><span style=\"font-size: medium;\">4</span><span style=\"font-size: medium;\">、座位后面宜有靠墙或柜</span></h2><p><span style=\"font-size:16px\">座位的后方最好是固定、不动的东西；如果背后有人走动，容易让人精神不集中，无形中把一部分注意力转到后脑，长久下来会消耗掉能量，影响工作效率和健康。</span></p><h2><span style=\"font-size: medium;\">5</span><span style=\"font-size: medium;\">、办公室正前方不宜有冲煞</span></h2><p><span style=\"font-size:16px\">办公室正前方不宜逢各种冲煞：路冲煞、电杆煞、大树煞、尖角煞等。否则单位内的员工或主管不但容易诸事不顺，疾病不断。甚而人事异动频繁，向心力不足，留不住员工。</span></p><h2><span style=\"font-size: medium;\">6</span><span style=\"font-size: medium;\">、办公室的周遭不宜有桥煞</span></h2><p><span style=\"font-size:16px\">办公室的附近不宜有太高的建筑物，否则不但会带来压迫感，甚至会破坏办公室的事业稳定，产生时好时坏的运势，颠覆原来风水气局本该拥有的优点，甚至使员工伦理情感丧失，翻脸不认人。</span></p><h2><span style=\"font-size: medium;\">7</span><span style=\"font-size: medium;\">、头顶上有横梁或者光线较暗</span></h2><p><span style=\"font-size:16px\">办公室的光线要明亮充足。在风水学中，办公室的光线过于昏暗，会导致办公室的人际关系受到影响，而且付出与回报不成正比，即使多么努力都没有大作为。因此，办公室的光线一定要明亮充足。座位上要光线充足，如果光线太弱，会造成太阳能不足、地磁能过多的“阴气重”现象，久了会让人怠惰消极，也比较容易悲观。</span></p><h2><span style=\"font-size: medium;\">8</span><span style=\"font-size: medium;\">、办公室不宜太大太小</span></h2><p><span style=\"font-size:16px\">如面积过大则显得空旷，不聚气。办公室过小，则显得手脚活动不便利，生意上发展受阻;桌子靠在窗口，旺气被吸散，影响老板的思维，经营失策遭人算计破财，财位被损，财上必破。</span></p><h2><span style=\"font-size: medium;\">9</span><span style=\"font-size: medium;\">、办公室不宜开过多的偏门</span></h2><p><span style=\"font-size:16px\">办公室不宜开过多的偏门。因为，在风水学中，办公室开太多的偏门，会使办公室人气涣散，奋斗的斗志消失，使办公室财气不聚，或财进财出，无法凝聚出该有的成果与目标，因此，办公室不宜开过多的偏门。</span></p><h2><span style=\"font-size: medium;\">10</span><span style=\"font-size: medium;\">、办公室不宜通路闭塞</span></h2><p><span style=\"font-size:16px\">办公室的通路正如同人的血脉一般，宜通畅无碍。办公室通路闭塞，阻碍了整个通道，如此往往为员工带来运势窘困，行事费力而无绩效等种种毛病，严重影响事业的发展。</span></p><h2><span style=\"font-size: medium;\">11</span><span style=\"font-size: medium;\">、窗不宜开太多和位置问题</span></h2><p><span style=\"font-size:16px\">办公室，看是否窗户开得太多，或是前后门对冲。如是必定员工待不住。要摆放几盆大的绿叶子植物化掉！一些办公室做的隔断，员工背后开窗，或是左右面开窗。这些都会造成员工待不住的现象。办公室太少，也易让员工感觉到压抑！</span></p></div>', '/cn/news/asdas.jpg', '9', '行业新闻', '1', '1', '1500710806');
INSERT INTO `news` VALUES ('20', '公司留不住人？ 或许是办公室风水太差', '好的办公室风水无论是对员工还是对整个企业发展来说都有着至关重要的作用。风水学不是迷信，而是一种人居科学，企业经营者掌握办公室风水禁忌对事业的发展百利而无一害。', '<div class=\"article-box\"><p><span style=\"font-size:16px\">很多公司的人员流动性高，有可能是公司的风水不佳留不住人。好的<a href=\"http://www.haozu.com\" target=\"_blank\">办公室</a>风水无论是对员工还是对整个企业发展来说都有着至关重要的作用。风水学不是迷信，而是一种人居科学，企业经营者掌握办公室风水禁忌对事业的发展百利而无一害。</span></p><p style=\"text-align: center;\"><span style=\"font-size:16px\"><a href=\"http://www.haozu.com\" target=\"_blank\"><img src=\"http://fang-oss.haozu.com/hzfs41/BC/GH/J5/f22a1d795e185183e27d489d814093b8.jpg@600w_377h_90Q%7Cwatermark=1&amp;object=aGFvenUucG5n&amp;t=90\" _src=\"http://fang-oss.haozu.com/hzfs41/BC/GH/J5/f22a1d795e185183e27d489d814093b8.jpg@600w_377h_90Q%7Cwatermark=1&amp;object=aGFvenUucG5n&amp;t=90\" title=\"b_381909416\"></a></span></p><h2><span style=\"font-size: medium;\">1</span><span style=\"font-size: medium;\">、办公室明堂不宜窄小局限</span></h2><p><span style=\"font-size:16px\">办公室明堂宜宽大；从静宫八卦的角度而言，办公室正前方的明堂位，正属于离位，离卦在八卦中乃事业的象征。因此明堂，亦即办公室正前方的位置，可说直接指涉这个单位的前程吉凶。所以如果办公室的明堂狭窄闭塞，势必象征此单位前途有限，阻碍众多，开发艰难。反之，如果办公室的内外明堂均开阔清幽，则意指这家公司前途似锦，业务顺利而成功。</span></p><h2><span style=\"font-size: medium;\">2</span><span style=\"font-size: medium;\">、公司的横梁忌裸露</span></h2><p><span style=\"font-size:16px\">当办公楼出现横梁裸露出来的情况时候，如果不幸被安排在横梁压顶下面，长此以往，会让人产生工作上的压力，受到上司的责难，容易遭到小人的中伤，颈椎疼痛，运气阻滞。如有栋梁，员工必定待不住，要化煞。</span></p><h2><span style=\"font-size: medium;\">3</span><span style=\"font-size: medium;\">、办公室窗口高度不宜过高</span></h2><p><span style=\"font-size:16px\">办公室窗口的高度对于风水布局也很重要。若办公室的后窗子又小又高，离地面足有两米，室内财位暗淡无光，这样的办公室窗口太高是官司牢房象，因为牢房窗子都很高，像这种情况当然是搬出此房办公为上策。</span></p><h2><span style=\"font-size: medium;\">4</span><span style=\"font-size: medium;\">、座位后面宜有靠墙或柜</span></h2><p><span style=\"font-size:16px\">座位的后方最好是固定、不动的东西；如果背后有人走动，容易让人精神不集中，无形中把一部分注意力转到后脑，长久下来会消耗掉能量，影响工作效率和健康。</span></p><h2><span style=\"font-size: medium;\">5</span><span style=\"font-size: medium;\">、办公室正前方不宜有冲煞</span></h2><p><span style=\"font-size:16px\">办公室正前方不宜逢各种冲煞：路冲煞、电杆煞、大树煞、尖角煞等。否则单位内的员工或主管不但容易诸事不顺，疾病不断。甚而人事异动频繁，向心力不足，留不住员工。</span></p><h2><span style=\"font-size: medium;\">6</span><span style=\"font-size: medium;\">、办公室的周遭不宜有桥煞</span></h2><p><span style=\"font-size:16px\">办公室的附近不宜有太高的建筑物，否则不但会带来压迫感，甚至会破坏办公室的事业稳定，产生时好时坏的运势，颠覆原来风水气局本该拥有的优点，甚至使员工伦理情感丧失，翻脸不认人。</span></p><h2><span style=\"font-size: medium;\">7</span><span style=\"font-size: medium;\">、头顶上有横梁或者光线较暗</span></h2><p><span style=\"font-size:16px\">办公室的光线要明亮充足。在风水学中，办公室的光线过于昏暗，会导致办公室的人际关系受到影响，而且付出与回报不成正比，即使多么努力都没有大作为。因此，办公室的光线一定要明亮充足。座位上要光线充足，如果光线太弱，会造成太阳能不足、地磁能过多的“阴气重”现象，久了会让人怠惰消极，也比较容易悲观。</span></p><h2><span style=\"font-size: medium;\">8</span><span style=\"font-size: medium;\">、办公室不宜太大太小</span></h2><p><span style=\"font-size:16px\">如面积过大则显得空旷，不聚气。办公室过小，则显得手脚活动不便利，生意上发展受阻;桌子靠在窗口，旺气被吸散，影响老板的思维，经营失策遭人算计破财，财位被损，财上必破。</span></p><h2><span style=\"font-size: medium;\">9</span><span style=\"font-size: medium;\">、办公室不宜开过多的偏门</span></h2><p><span style=\"font-size:16px\">办公室不宜开过多的偏门。因为，在风水学中，办公室开太多的偏门，会使办公室人气涣散，奋斗的斗志消失，使办公室财气不聚，或财进财出，无法凝聚出该有的成果与目标，因此，办公室不宜开过多的偏门。</span></p><h2><span style=\"font-size: medium;\">10</span><span style=\"font-size: medium;\">、办公室不宜通路闭塞</span></h2><p><span style=\"font-size:16px\">办公室的通路正如同人的血脉一般，宜通畅无碍。办公室通路闭塞，阻碍了整个通道，如此往往为员工带来运势窘困，行事费力而无绩效等种种毛病，严重影响事业的发展。</span></p><h2><span style=\"font-size: medium;\">11</span><span style=\"font-size: medium;\">、窗不宜开太多和位置问题</span></h2><p><span style=\"font-size:16px\">办公室，看是否窗户开得太多，或是前后门对冲。如是必定员工待不住。要摆放几盆大的绿叶子植物化掉！一些办公室做的隔断，员工背后开窗，或是左右面开窗。这些都会造成员工待不住的现象。办公室太少，也易让员工感觉到压抑！</span></p></div>', '/cn/news/asdas.jpg', '9', '行业新闻', '1', '1', '1500710806');
INSERT INTO `news` VALUES ('21', '公司留不住人？ 或许是办公室风水太差', '好的办公室风水无论是对员工还是对整个企业发展来说都有着至关重要的作用。风水学不是迷信，而是一种人居科学，企业经营者掌握办公室风水禁忌对事业的发展百利而无一害。', '<div class=\"article-box\"><p><span style=\"font-size:16px\">很多公司的人员流动性高，有可能是公司的风水不佳留不住人。好的<a href=\"http://www.haozu.com\" target=\"_blank\">办公室</a>风水无论是对员工还是对整个企业发展来说都有着至关重要的作用。风水学不是迷信，而是一种人居科学，企业经营者掌握办公室风水禁忌对事业的发展百利而无一害。</span></p><p style=\"text-align: center;\"><span style=\"font-size:16px\"><a href=\"http://www.haozu.com\" target=\"_blank\"><img src=\"http://fang-oss.haozu.com/hzfs41/BC/GH/J5/f22a1d795e185183e27d489d814093b8.jpg@600w_377h_90Q%7Cwatermark=1&amp;object=aGFvenUucG5n&amp;t=90\" _src=\"http://fang-oss.haozu.com/hzfs41/BC/GH/J5/f22a1d795e185183e27d489d814093b8.jpg@600w_377h_90Q%7Cwatermark=1&amp;object=aGFvenUucG5n&amp;t=90\" title=\"b_381909416\"></a></span></p><h2><span style=\"font-size: medium;\">1</span><span style=\"font-size: medium;\">、办公室明堂不宜窄小局限</span></h2><p><span style=\"font-size:16px\">办公室明堂宜宽大；从静宫八卦的角度而言，办公室正前方的明堂位，正属于离位，离卦在八卦中乃事业的象征。因此明堂，亦即办公室正前方的位置，可说直接指涉这个单位的前程吉凶。所以如果办公室的明堂狭窄闭塞，势必象征此单位前途有限，阻碍众多，开发艰难。反之，如果办公室的内外明堂均开阔清幽，则意指这家公司前途似锦，业务顺利而成功。</span></p><h2><span style=\"font-size: medium;\">2</span><span style=\"font-size: medium;\">、公司的横梁忌裸露</span></h2><p><span style=\"font-size:16px\">当办公楼出现横梁裸露出来的情况时候，如果不幸被安排在横梁压顶下面，长此以往，会让人产生工作上的压力，受到上司的责难，容易遭到小人的中伤，颈椎疼痛，运气阻滞。如有栋梁，员工必定待不住，要化煞。</span></p><h2><span style=\"font-size: medium;\">3</span><span style=\"font-size: medium;\">、办公室窗口高度不宜过高</span></h2><p><span style=\"font-size:16px\">办公室窗口的高度对于风水布局也很重要。若办公室的后窗子又小又高，离地面足有两米，室内财位暗淡无光，这样的办公室窗口太高是官司牢房象，因为牢房窗子都很高，像这种情况当然是搬出此房办公为上策。</span></p><h2><span style=\"font-size: medium;\">4</span><span style=\"font-size: medium;\">、座位后面宜有靠墙或柜</span></h2><p><span style=\"font-size:16px\">座位的后方最好是固定、不动的东西；如果背后有人走动，容易让人精神不集中，无形中把一部分注意力转到后脑，长久下来会消耗掉能量，影响工作效率和健康。</span></p><h2><span style=\"font-size: medium;\">5</span><span style=\"font-size: medium;\">、办公室正前方不宜有冲煞</span></h2><p><span style=\"font-size:16px\">办公室正前方不宜逢各种冲煞：路冲煞、电杆煞、大树煞、尖角煞等。否则单位内的员工或主管不但容易诸事不顺，疾病不断。甚而人事异动频繁，向心力不足，留不住员工。</span></p><h2><span style=\"font-size: medium;\">6</span><span style=\"font-size: medium;\">、办公室的周遭不宜有桥煞</span></h2><p><span style=\"font-size:16px\">办公室的附近不宜有太高的建筑物，否则不但会带来压迫感，甚至会破坏办公室的事业稳定，产生时好时坏的运势，颠覆原来风水气局本该拥有的优点，甚至使员工伦理情感丧失，翻脸不认人。</span></p><h2><span style=\"font-size: medium;\">7</span><span style=\"font-size: medium;\">、头顶上有横梁或者光线较暗</span></h2><p><span style=\"font-size:16px\">办公室的光线要明亮充足。在风水学中，办公室的光线过于昏暗，会导致办公室的人际关系受到影响，而且付出与回报不成正比，即使多么努力都没有大作为。因此，办公室的光线一定要明亮充足。座位上要光线充足，如果光线太弱，会造成太阳能不足、地磁能过多的“阴气重”现象，久了会让人怠惰消极，也比较容易悲观。</span></p><h2><span style=\"font-size: medium;\">8</span><span style=\"font-size: medium;\">、办公室不宜太大太小</span></h2><p><span style=\"font-size:16px\">如面积过大则显得空旷，不聚气。办公室过小，则显得手脚活动不便利，生意上发展受阻;桌子靠在窗口，旺气被吸散，影响老板的思维，经营失策遭人算计破财，财位被损，财上必破。</span></p><h2><span style=\"font-size: medium;\">9</span><span style=\"font-size: medium;\">、办公室不宜开过多的偏门</span></h2><p><span style=\"font-size:16px\">办公室不宜开过多的偏门。因为，在风水学中，办公室开太多的偏门，会使办公室人气涣散，奋斗的斗志消失，使办公室财气不聚，或财进财出，无法凝聚出该有的成果与目标，因此，办公室不宜开过多的偏门。</span></p><h2><span style=\"font-size: medium;\">10</span><span style=\"font-size: medium;\">、办公室不宜通路闭塞</span></h2><p><span style=\"font-size:16px\">办公室的通路正如同人的血脉一般，宜通畅无碍。办公室通路闭塞，阻碍了整个通道，如此往往为员工带来运势窘困，行事费力而无绩效等种种毛病，严重影响事业的发展。</span></p><h2><span style=\"font-size: medium;\">11</span><span style=\"font-size: medium;\">、窗不宜开太多和位置问题</span></h2><p><span style=\"font-size:16px\">办公室，看是否窗户开得太多，或是前后门对冲。如是必定员工待不住。要摆放几盆大的绿叶子植物化掉！一些办公室做的隔断，员工背后开窗，或是左右面开窗。这些都会造成员工待不住的现象。办公室太少，也易让员工感觉到压抑！</span></p></div>', '/cn/news/asdas.jpg', '9', '行业新闻', '1', '1', '1500710806');

-- ----------------------------
-- Table structure for `product`
-- ----------------------------
DROP TABLE IF EXISTS `product`;
CREATE TABLE `product` (
  `id` int(10) unsigned NOT NULL AUTO_INCREMENT,
  `pro_name` varchar(25) NOT NULL DEFAULT '' COMMENT '商品名称',
  `pro_desc` varchar(255) NOT NULL DEFAULT '' COMMENT '描述',
  `pro_cover_pic` varchar(255) NOT NULL DEFAULT '' COMMENT '封面图',
  `pro_model` varchar(125) NOT NULL DEFAULT '' COMMENT '商品型号',
  `pro_fs_type` varchar(125) NOT NULL DEFAULT '' COMMENT '敷设方式',
  `pro_options` text COMMENT '其他属性',
  `status` tinyint(2) NOT NULL DEFAULT '1' COMMENT '1-正常 -9-删除',
  `ctime` int(11) unsigned NOT NULL DEFAULT '0',
  PRIMARY KEY (`id`)
) ENGINE=InnoDB DEFAULT CHARSET=utf8;

-- ----------------------------
-- Records of product
-- ----------------------------

-- ----------------------------
-- Table structure for `session`
-- ----------------------------
DROP TABLE IF EXISTS `session`;
CREATE TABLE `session` (
  `id` char(40) NOT NULL,
  `expire` int(11) DEFAULT NULL,
  `data` blob,
  PRIMARY KEY (`id`)
) ENGINE=InnoDB DEFAULT CHARSET=utf8;

-- ----------------------------
-- Records of session
-- ----------------------------
INSERT INTO `session` VALUES ('0qa0u4qnskd1tat61r2stu76f3', '1500979736', 0x5F5F666C6173687C613A303A7B7D5F5F69647C693A313B);
INSERT INTO `session` VALUES ('50mv18unkq46q5t94n0tv7t1l3', '1484732865', 0x5F5F666C6173687C613A303A7B7D5F5F69647C693A313B);
INSERT INTO `session` VALUES ('5c589uela7jkdc7s7lijpu71e1', '1482319990', 0x5F5F666C6173687C613A303A7B7D5F5F72657475726E55726C7C733A31303A222F61646D696E2E706870223B);
INSERT INTO `session` VALUES ('5e7jksn25g5a69rmmkcv6v3jh2', '1482234228', 0x5F5F666C6173687C613A303A7B7D);
INSERT INTO `session` VALUES ('7e3kqgaoj81bvmt0p9mlfjib93', '1499941006', 0x5F5F666C6173687C613A303A7B7D5F5F69647C693A313B);
INSERT INTO `session` VALUES ('b0fi7q019nut8cidm5qdrcqto1', '1499856376', 0x5F5F666C6173687C613A303A7B7D5F5F72657475726E55726C7C733A31303A222F61646D696E2E706870223B);
INSERT INTO `session` VALUES ('bfffpuqu46gt0t857r53382o56', '1482249265', 0x5F5F666C6173687C613A303A7B7D5F5F72657475726E55726C7C733A32363A222F61646D696E2E7068703F723D696E6465782532466C6F67696E223B);
INSERT INTO `session` VALUES ('c4m09gvjgr2mqprtp45k7m6li6', '1500894450', 0x5F5F666C6173687C613A303A7B7D5F5F69647C693A313B);
INSERT INTO `session` VALUES ('c9ive1r6ogid1c9gp1tdsmis76', '1486376936', 0x5F5F666C6173687C613A303A7B7D5F5F69647C693A313B);
INSERT INTO `session` VALUES ('cd3pgqu4jnc7j3itvbj4q2g247', '1500902780', 0x5F5F666C6173687C613A303A7B7D5F5F69647C693A313B);
INSERT INTO `session` VALUES ('cdfe9o8aegeg2c4lfovbsq8ai6', '1482328081', 0x5F5F666C6173687C613A303A7B7D5F5F72657475726E55726C7C733A31303A222F61646D696E2E706870223B);
INSERT INTO `session` VALUES ('iq4err6leh1j538jm4ddrim0k2', '1500517120', 0x5F5F666C6173687C613A303A7B7D5F5F69647C693A313B);
INSERT INTO `session` VALUES ('lk8b7t11atse7g1eqsvhv8uk53', '1500614822', 0x5F5F666C6173687C613A303A7B7D5F5F69647C693A313B);
INSERT INTO `session` VALUES ('muupqb3dhiko9m8j14u0a41f37', '1484737919', 0x5F5F666C6173687C613A303A7B7D5F5F72657475726E55726C7C733A32343A222F61646D696E2E7068703F723D696E6465782F6C6F67696E223B5F5F69647C693A313B);
INSERT INTO `session` VALUES ('n21qnvm53irnq4dmebo71no0a3', '1500031393', 0x5F5F666C6173687C613A303A7B7D5F5F69647C693A313B);
INSERT INTO `session` VALUES ('o9c56gkf690t1rs7h7qi3g98l3', '1500615772', 0x5F5F666C6173687C613A303A7B7D5F5F69647C693A313B);
INSERT INTO `session` VALUES ('obu4s393hi755vhthin18opvt3', '1500949508', 0x5F5F666C6173687C613A303A7B7D5F5F69647C693A313B);
INSERT INTO `session` VALUES ('p231jsh40ln6ogf4vknsieg012', '1500363365', 0x5F5F666C6173687C613A303A7B7D5F5F69647C693A313B);
INSERT INTO `session` VALUES ('pkega8ai18h7scjtb5gd3lamq3', '1482332077', 0x5F5F666C6173687C613A303A7B7D5F5F69647C693A313B);
INSERT INTO `session` VALUES ('tndmsquk4ts3ebjg0f918uj1q7', '1500614713', 0x5F5F666C6173687C613A303A7B7D5F5F69647C693A313B);

-- ----------------------------
-- Table structure for `support`
-- ----------------------------
DROP TABLE IF EXISTS `support`;
CREATE TABLE `support` (
  `id` int(10) unsigned NOT NULL AUTO_INCREMENT,
  `category` tinyint(2) unsigned NOT NULL DEFAULT '0' COMMENT '分类 11-解决方案 12-客服服务',
  `title` varchar(25) NOT NULL DEFAULT '' COMMENT '标题',
  `desc` varchar(255) NOT NULL DEFAULT '' COMMENT '描述',
  `pic` varchar(255) NOT NULL DEFAULT '' COMMENT '图片',
  `url` varchar(255) NOT NULL DEFAULT '',
  `status` tinyint(2) NOT NULL DEFAULT '1' COMMENT '1-正常 -9-删除',
  `ctime` int(11) unsigned NOT NULL DEFAULT '0',
  `content` text COMMENT '内容',
  PRIMARY KEY (`id`)
) ENGINE=InnoDB AUTO_INCREMENT=4 DEFAULT CHARSET=utf8;

-- ----------------------------
-- Records of support
-- ----------------------------
INSERT INTO `support` VALUES ('1', '11', '医院综合布线解决方案', '医院属于公共基础建筑，其运作关乎全民健康，如果医院不能正常运作，将导致非常严重的后果，给社会、给国家、给人民带沉重的灾难。因此，医院建筑智能化的建设首先要考虑的是医院在任何可情况下的安全防范要求，确保做到万无一失，防范于未然。', '/cn/support/s1.jpg', 'https://www.baidu.com', '1', '0', '<p><span style=\"font-size:16px\">7<span style=\"\">月</span><span style=\"\">19</span><span style=\"\">日，在颇具戏剧化的签约发布会上，富力地产作为融创之外的另一接盘方浮出水面。根据公告，万达将</span><span style=\"\">77</span><span style=\"\">家酒店资产包作价</span><span style=\"\">199.06</span><span style=\"\">亿元出售给富力，融创则不再接手酒店。</span></span><span style=\"font-size: medium;\">万达董事长王健林称此次交易为</span><span style=\"font-size: medium;\">“三赢”，其中富力将持有超过</span><span style=\"font-size: medium;\">100</span><span style=\"font-size: medium;\">家酒店，成为全球最大的五星级酒店业主。</span></p><p><span style=\"font-size:16px\">作为昔日华南五虎之首，富力一度以激进式扩张闻名，不过近年来业绩表现不佳，负债率较高，频频传出资金链紧张乃至断裂的消息。而从其原有酒店业务来看，截至2016年底已经连续亏损五年。</span></p><p style=\"text-align: center;\"><span style=\"font-size:16px\"><a href=\"http://www.haozu.com\" target=\"_blank\"><img src=\"http://fang-oss.haozu.com/hzfs57/BE/G4/89/2aa9c249c544ab96ccb09e7e207d0bd6.jpg@600w_420h_90Q%7Cwatermark=1&amp;object=aGFvenUucG5n&amp;t=90\" _src=\"http://fang-oss.haozu.com/hzfs57/BE/G4/89/2aa9c249c544ab96ccb09e7e207d0bd6.jpg@600w_420h_90Q%7Cwatermark=1&amp;object=aGFvenUucG5n&amp;t=90\" title=\"写字楼\"></a></span></p><p><span style=\"font-size:16px\">在此背景下，斥巨资并购万达酒店资产包的富力，近期在融资上动作频频，银行借款、发行债券等成为手中工具，至于被寄予厚望的在A股上市募资，目前尚存在不确定性。</span></p><h2><span style=\"font-size:16px\">业绩 &nbsp;&nbsp;</span><span style=\"font-size: medium;\">一季度营收、净利</span><span style=\"font-size: medium;\">“双跌”</span><span style=\"font-size: medium;\">90%</span><span style=\"font-size: medium;\">以上</span></h2><p><span style=\"font-size:16px\">7月19日，原万达和融创的战略合作签约仪式突然增加新角色——富力地产。万达、融创、富力三方签订的战略合作协议显示，万达商业将北京万达嘉华等77个酒店以199.06亿元的价格转让给富力地产，将13个文旅项目91%股权以438.44亿元的价格转让给融创，两项交易总金额637.5亿元。</span></p><p><span style=\"font-size:16px\">与7月10日万达和融创的协议相比，虽然交易标的和交易总金额基本一致，但引入了第三方富力地产，资产包中的文旅项目和酒店项目交易对价也有较大变化。富力因此被称为这场世纪交易中“半路杀出的程咬金”，而参与这次交易也为富力的激进扩张再添一笔。</span></p><p><span style=\"font-size:16px\">富力在公告中表示，本次合作，本公司以合理成本补充大量优质酒店资产，将进一步扩展旗下酒店业务，增加优质的投资物业的经营收益，实现多元化的产品、产业布局。</span></p><p><span style=\"font-size:16px\">在万达、融创和富力三方战略合作协议签订现场，王健林称“三方都是赢家”，富力有酒店发展战略，在全球已开业和建设的高级酒店有24家，从融创手中以较低价格接手77家万达酒店后，富力将持有超过100家酒店，成为全球最大的五星级酒店业主。</span></p><p><span style=\"font-size:16px\">富力成立于1994年，总部落户于广州，进入21世纪之后大举挥师北上，其标志性项目是北京富力城。2005年，富力在香港主板上市，成为首家被纳入恒生中国企业指数的内地房地产企业。2007年，富力销售金额位居行业第四名，仅次于万科、绿地和中海，为“华南五虎”之首。</span></p><p><span style=\"font-size:16px\">在风头正盛的2008年，富力的酒店业务也正式起步。当年3月，富力投资酒店业后的首个成果——广州富力丽思卡尔顿酒店在广州正式开张，此举标志着富力迈出了酒店战略的第一步。根据当时媒体报道，未来五年内富力旗下计划将有17家酒店开业。</span></p><p><span style=\"font-size:16px\">然而，近十年来，富力的扩张过程明显落后于同行。2008年至今，富力的销售额被合生创展、碧桂园、恒大、雅居乐纷纷超过。根据克尔瑞数据显示，今年上半年富力销售额413.2亿元，排名全国第二十。</span><span style=\"font-size: medium;\">据财报显示，今年一季度，富力营业收入约</span><span style=\"font-size: medium;\">46.54</span><span style=\"font-size: medium;\">亿元，同比减少</span><span style=\"font-size: medium;\">91.35%</span><span style=\"font-size: medium;\">，归属净利润约</span><span style=\"font-size: medium;\">2.29</span><span style=\"font-size: medium;\">亿元，同比减少约</span><span style=\"font-size: medium;\">96.75%</span><span style=\"font-size: medium;\">。</span></p><p><span style=\"font-size:16px\">而在2014-2015年，富力曾连续两年没有达到全年销售目标。其中2014年实现544亿元销售额，距600亿元目标还差56亿元。</span><span style=\"font-size: medium;\">这一状况直到</span><span style=\"font-size: medium;\">2016</span><span style=\"font-size: medium;\">年才有所好转。富力</span><span style=\"font-size: medium;\">2016</span><span style=\"font-size: medium;\">年实现销售额</span><span style=\"font-size: medium;\">609</span><span style=\"font-size: medium;\">亿元，超过</span><span style=\"font-size: medium;\">600</span><span style=\"font-size: medium;\">亿元目标，当年营收</span><span style=\"font-size: medium;\">537.3</span><span style=\"font-size: medium;\">亿元，同比增加</span><span style=\"font-size: medium;\">21%</span><span style=\"font-size: medium;\">。</span></p><h2><span style=\"font-size:16px\">板块 &nbsp;</span><span style=\"font-size: medium;\">酒店营运业务连亏五年</span></h2><p><span style=\"font-size:16px\">在公司整体成长速度放缓背景下，富力酒店业务的盈利能力并不尽如人意。</span><span style=\"font-size: medium;\">根据截至</span><span style=\"font-size: medium;\">2016</span><span style=\"font-size: medium;\">年的最近三年年报显示，公司酒店运营自</span><span style=\"font-size: medium;\">2014</span><span style=\"font-size: medium;\">年至</span><span style=\"font-size: medium;\">2016</span><span style=\"font-size: medium;\">年实现营业收入分别达到</span><span style=\"font-size: medium;\">11.09</span><span style=\"font-size: medium;\">亿元、</span><span style=\"font-size: medium;\">11.81</span><span style=\"font-size: medium;\">亿元和</span><span style=\"font-size: medium;\">13.62</span><span style=\"font-size: medium;\">亿元，但毛利率持续处于下降态势，近三年分别为</span><span style=\"font-size: medium;\">29.41%</span><span style=\"font-size: medium;\">、</span><span style=\"font-size: medium;\">26.90%</span><span style=\"font-size: medium;\">和</span><span style=\"font-size: medium;\">19.79%</span><span style=\"font-size: medium;\">。</span><span style=\"font-size: medium;\">而从盈利数据来看，最近五年，富力酒店业务持续亏损，亏损额分别为</span><span style=\"font-size: medium;\">1.75</span><span style=\"font-size: medium;\">亿元、</span><span style=\"font-size: medium;\">2.49</span><span style=\"font-size: medium;\">亿元、</span><span style=\"font-size: medium;\">1.4</span><span style=\"font-size: medium;\">亿元、</span><span style=\"font-size: medium;\">1.67</span><span style=\"font-size: medium;\">亿元和</span><span style=\"font-size: medium;\">1.83</span><span style=\"font-size: medium;\">亿元。</span></p><p><span style=\"font-size:16px\">对于富力酒店业务近年来的利润问题，联合资信在一份对富力地产进行的评级报告中做出如下分析——由于广州柏悦酒店等多个新建酒店开业，尚处于客流量培育期，该部分酒店入住率较低，尚处于亏损或微利状态，因此拉低了公司酒店服务业务的整体毛利率水平。</span></p><p><span style=\"font-size:16px\">酒店行业专家赵焕焱表示，酒店作为商业地产有40年的经营时间，酒店的黄金收获期是开业后6至20年。“酒店一定时期亏损是正常的”。</span><span style=\"font-size: medium;\">7</span><span style=\"font-size: medium;\">月</span><span style=\"font-size: medium;\">22</span><span style=\"font-size: medium;\">日，新京报记者来到位于北京双井的富力万丽酒店，其为北京最繁华的商业地段之一，靠近国贸</span><span style=\"font-size: medium;\">CBD</span><span style=\"font-size: medium;\">和东三环，不远处就是高端地产项目富力城和富力广场购物中心。</span></p><p><span style=\"font-size:16px\">据员工介绍，该酒店由富力开发兴建，由万豪国际酒店集团管理，后者收取一定管理费用，而该酒店也是万豪国际在中国所有酒店管理项目中最大的项目。</span><span style=\"font-size: medium;\">这次打包收购的几十家酒店财务数据也并非完美。</span><span style=\"font-size: medium;\">根据富力公告，这笔酒店资产包的资产净值</span><span style=\"font-size: medium;\">331.76</span><span style=\"font-size: medium;\">亿元，总建筑面积</span><span style=\"font-size: medium;\">328.63</span><span style=\"font-size: medium;\">万平米，折合每平米一万元。</span></p><p><span style=\"font-size:16px\">而从盈利能力来看，根据早前融创公告，其自万达收购的76家酒店2015年利润5.51亿元，2016年利润8.74亿元，平均而言每家利润两年分别为822万元和1181万元。</span><span style=\"font-size: medium;\">当前，高端酒店行业的盈利水平整体仍然有限。数据显示，</span><span style=\"font-size: medium;\">2015</span><span style=\"font-size: medium;\">年，全国</span><span style=\"font-size: medium;\">789</span><span style=\"font-size: medium;\">家五星级酒店资产总额</span><span style=\"font-size: medium;\">2454.29</span><span style=\"font-size: medium;\">亿元、利润总额</span><span style=\"font-size: medium;\">19.02</span><span style=\"font-size: medium;\">亿元，平均每家利润为</span><span style=\"font-size: medium;\">241</span><span style=\"font-size: medium;\">万元。</span></p><h2><span style=\"font-size:16px\">融资 &nbsp;</span><span style=\"font-size: medium;\">去年发债</span><span style=\"font-size: medium;\">425</span><span style=\"font-size: medium;\">亿 尚有</span><span style=\"font-size: medium;\">829</span><span style=\"font-size: medium;\">亿元信贷未使用</span></h2><p><span style=\"font-size:16px\">在经营业绩出现下滑、而又实施巨额并购的背景下，富力的钱从哪来？</span><span style=\"font-size: medium;\">据</span><span style=\"font-size: medium;\">2016</span><span style=\"font-size: medium;\">年年报，富力地产现金为人民币</span><span style=\"font-size: medium;\">459.7</span><span style=\"font-size: medium;\">亿元，借款总额为人民币</span><span style=\"font-size: medium;\">1208.5</span><span style=\"font-size: medium;\">亿元，借款总额融资来源包括银行贷款、离岸美元优先票据、境内债券，以及信托贷款及其他，分别占</span><span style=\"font-size: medium;\">38%</span><span style=\"font-size: medium;\">、</span><span style=\"font-size: medium;\">10%</span><span style=\"font-size: medium;\">、</span><span style=\"font-size: medium;\">40%</span><span style=\"font-size: medium;\">及</span><span style=\"font-size: medium;\">12%</span><span style=\"font-size: medium;\">。</span></p><p><span style=\"font-size:16px\">在银行贷款方面，据去年年报，年内偿还的银行贷款为人民币211亿元，而新增银行贷款为人民币282亿元。截至年底，合计银行贷款组合的实际利率为5.52%，比2015年的6.52%有所下降。</span><span style=\"font-size: medium;\">根据联合资信</span><span style=\"font-size: medium;\">6</span><span style=\"font-size: medium;\">月底发布的评级报告，截至</span><span style=\"font-size: medium;\">2017</span><span style=\"font-size: medium;\">年</span><span style=\"font-size: medium;\">3</span><span style=\"font-size: medium;\">月底，富力共获得商业银行授信总额</span><span style=\"font-size: medium;\">1166</span><span style=\"font-size: medium;\">亿元，尚未使用的授信额度为</span><span style=\"font-size: medium;\">828.79</span><span style=\"font-size: medium;\">亿元。</span></p><p><span style=\"font-size:16px\">除银行借款，发债是富力获资的另一方式。根据财报，富力2015年发行了人民币65亿元境内债券，而2016年总共发行人民币425亿元境内债券，这导致其非银行融资的加权平均成本从每年9.2%跌至6.7%。</span></p><p><span style=\"font-size:16px\">其中，金额较大的是在2016年5月，富力发行了人民币104亿元的四年期境内非公开债券，利率为5.15%。</span><span style=\"font-size: medium;\">近期，富力的融资成本出现上升。</span></p><p><span style=\"font-size:16px\">记者梳理中国货币网信息看到，富力地产在今年4月和7月分别发行了2017年度第一期和第二期中期票据，两者实际发行金额均为10亿元，发行期限均为3年期，但票面利率却出现上升，前者为5.25%，后者为5.5%。</span></p><p><span style=\"font-size:16px\">在发展节奏落后同行而又频频发债融资的背景下，富力的资金链受到外界关注。</span><span style=\"font-size: medium;\">2017</span><span style=\"font-size: medium;\">年</span><span style=\"font-size: medium;\">3</span><span style=\"font-size: medium;\">月</span><span style=\"font-size: medium;\">22</span><span style=\"font-size: medium;\">日，中银国际对富力去年财务数据点评称，富力包含永续债的净负债率为</span><span style=\"font-size: medium;\">173.95%</span><span style=\"font-size: medium;\">，而</span><span style=\"font-size: medium;\">2015</span><span style=\"font-size: medium;\">年为</span><span style=\"font-size: medium;\">167.6%</span><span style=\"font-size: medium;\">，“在市场回调下面临风险”。该机构将公司评级降级为卖出。</span><span style=\"font-size: medium;\">对于富力而言，正计划通过登陆</span><span style=\"font-size: medium;\">A</span><span style=\"font-size: medium;\">股来进一步改善融资条件。</span></p><p><span style=\"font-size:16px\">根据证监会官网2015年11月披露的招股书，富力拟公开发行不超过10.7亿股新股票，募集资金总额为不超过350亿元。据媒体报道，这已是富力地产第五次申请IPO。</span><span style=\"font-size: medium;\">对于富力地产今年登陆</span><span style=\"font-size: medium;\">A</span><span style=\"font-size: medium;\">股的可能性，中银国际表示，近期房地产紧缩政策的密集出台彰显了中国政府抑制市场泡沫的决心，基于此富力地产</span><span style=\"font-size: medium;\">2017</span><span style=\"font-size: medium;\">年在</span><span style=\"font-size: medium;\">A</span><span style=\"font-size: medium;\">股上市的可能性不大。如果不能在</span><span style=\"font-size: medium;\">A</span><span style=\"font-size: medium;\">股上市，公司的净负债率将保持在</span><span style=\"font-size: medium;\">170%</span><span style=\"font-size: medium;\">以上的高位。</span></p>');
INSERT INTO `support` VALUES ('2', '11', '银行综合布线解决方案', '', '/cn/support/s2.jpg', 'https://www.baidu.com', '1', '0', null);
INSERT INTO `support` VALUES ('3', '11', '网吧视频监控解决方案', '', '/cn/support/s3.jpg', 'https://www.baidu.com', '1', '0', null);

-- ----------------------------
-- Table structure for `user`
-- ----------------------------
DROP TABLE IF EXISTS `user`;
CREATE TABLE `user` (
  `id` int(11) NOT NULL AUTO_INCREMENT,
  `username` varchar(255) COLLATE utf8_unicode_ci NOT NULL,
  `auth_key` varchar(32) COLLATE utf8_unicode_ci NOT NULL,
  `password_hash` varchar(255) COLLATE utf8_unicode_ci NOT NULL,
  `password_reset_token` varchar(255) COLLATE utf8_unicode_ci DEFAULT NULL,
  `email` varchar(255) COLLATE utf8_unicode_ci NOT NULL,
  `status` smallint(6) NOT NULL DEFAULT '10',
  `created_at` int(11) NOT NULL,
  `updated_at` int(11) NOT NULL,
  PRIMARY KEY (`id`),
  UNIQUE KEY `username` (`username`),
  UNIQUE KEY `email` (`email`),
  UNIQUE KEY `password_reset_token` (`password_reset_token`)
) ENGINE=InnoDB DEFAULT CHARSET=utf8 COLLATE=utf8_unicode_ci;

-- ----------------------------
-- Records of user
-- ----------------------------

-- ----------------------------
-- Table structure for `yii2_config`
-- ----------------------------
DROP TABLE IF EXISTS `yii2_config`;
CREATE TABLE `yii2_config` (
  `id` int(11) unsigned NOT NULL AUTO_INCREMENT,
  `keyid` varchar(20) NOT NULL DEFAULT '',
  `title` varchar(100) NOT NULL DEFAULT '',
  `data` text NOT NULL,
  PRIMARY KEY (`id`),
  KEY `keyid` (`keyid`)
) ENGINE=InnoDB AUTO_INCREMENT=4 DEFAULT CHARSET=utf8;

-- ----------------------------
-- Records of yii2_config
-- ----------------------------
INSERT INTO `yii2_config` VALUES ('1', 'basic', '', '{\"sitename\":\"\\u65b0\\u79d1\\u51ef\\u90a6\\u7ba1\\u7406\\u540e\\u53f0\",\"url\":\"http:\\/\\/xkkb.com\",\"logo\":\"\\/statics\\/images\\/logo.png\",\"seo_keywords\":\"xkkb,\\u65b0\\u79d1\\u51ef\\u90a6\",\"seo_description\":\"xkkb,\\u65b0\\u79d1\\u51ef\\u90a6\",\"copyright\":\"@\\u65b0\\u79d1\\u51ef\\u90a6\",\"statcode\":\"\",\"close\":\"0\",\"close_reason\":\"\\u7ad9\\u70b9\\u5347\\u7ea7\\u4e2d, \\u8bf7\\u7a0d\\u540e\\u8bbf\\u95ee!\"}');
INSERT INTO `yii2_config` VALUES ('2', 'sendmail', '', '{\"mail_type\":\"0\",\"smtp_server\":\"smtp.qq.com\",\"smtp_port\":\"25\",\"auth\":\"1\",\"openssl\":\"1\",\"smtp_user\":\"422909231@qq.com\",\"smtp_pwd\":\"19891007cy_\",\"send_email\":\"422909231@qq.com\",\"nickname\":\"\\u65b0\\u79d1\\u51ef\\u90a6\",\"sign\":\"<hr \\/>\\r\\n\\u90ae\\u4ef6\\u7b7e\\u540d\\uff1a\\u6b22\\u8fce\\u8bbf\\u95ee <a href=\\\"http:\\/\\/xkkb.com\\\" target=\\\"_blank\\\">\\u65b0\\u79d1\\u51ef\\u90a6<\\/a>\"}');
INSERT INTO `yii2_config` VALUES ('3', 'attachment', '', '{\"attachment_size\":\"2048\",\"attachment_suffix\":\"jpg|jpeg|gif|bmp|png\",\"watermark_enable\":\"2\",\"watermark_pos\":\"9\",\"watermark_text\":\"\\u65b0\\u79d1\\u51ef\\u90a6\"}');
